2026.10.02 10:08:49 INFO  Started: Metals version 1.6.9 in folders 'C:\Users\USER\Downloads\quiz-app' for client Visual Studio Code 1.140.0.
2026.10.02 10:08:49 INFO  Memory monitor started
2026.10.02 10:08:49 WARN  Using H2 2.5.250 which is newer than the version Flyway has been verified with. The latest verified version of H2 is 2.3.232.
2026.10.02 10:08:50 INFO  no build target found for C:\Users\USER\Downloads\quiz-app\src\main\java\com\example\quiz_app\QuizAppApplication.java. Using fallback presentation compiler.
2026.10.02 10:08:51 INFO  no build target found for C:\Users\USER\Downloads\quiz-app\src\main\java\com\example\quiz_app\QuizAppApplication.java. Using fallback presentation compiler.
2026.10.02 10:09:55 INFO  no build target found for C:\Users\USER\Downloads\quiz-app\src\main\java\com\example\quiz_app\QuizAppApplication.java. Using fallback presentation compiler.
2026.10.02 10:10:52 INFO  no build target found for C:\Users\USER\Downloads\quiz-app\src\main\java\com\example\quiz_app\QuizAppApplication.java. Using fallback presentation compiler.
2026.10.02 10:10:52 INFO  no build target found for C:\Users\USER\Downloads\quiz-app\src\main\java\com\example\quiz_app\QuizAppApplication.java. Using fallback presentation compiler.
2026.10.02 10:11:04 INFO  no build target found for C:\Users\USER\Downloads\quiz-app\src\main\java\com\example\quiz_app\QuizAppApplication.java. Using fallback presentation compiler.
2026.10.02 10:18:29 INFO  Shutting down server
2026.10.02 10:18:29 INFO  Memory monitor stopped
2026.10.02 10:18:29 INFO  shutting down Metals
2026.10.02 10:18:29 INFO  Exiting server
2026.10.02 10:20:38 INFO  Started: Metals version 1.6.9 in folders 'C:\Users\USER\Downloads\quiz-app' for client Visual Studio Code 1.140.0.
2026.10.02 10:20:38 INFO  Memory monitor started
2026.10.02 10:20:38 WARN  Using H2 2.5.250 which is newer than the version Flyway has been verified with. The latest verified version of H2 is 2.3.232.
2026.10.02 10:20:39 INFO  no build target found for C:\Users\USER\Downloads\quiz-app\src\main\java\com\example\quiz_app\QuizAppApplication.java. Using fallback presentation compiler.
2026.10.02 10:20:39 INFO  no build target found for C:\Users\USER\Downloads\quiz-app\src\main\java\com\example\quiz_app\QuizAppApplication.java. Using fallback presentation compiler.
2026.10.02 10:20:42 INFO  no build target found for C:\Users\USER\Downloads\quiz-app\src\main\java\com\example\quiz_app\QuizAppApplication.java. Using fallback presentation compiler.
2026.10.02 10:20:42 INFO  no build target found for C:\Users\USER\Downloads\quiz-app\src\main\java\com\example\quiz_app\QuizAppApplication.java. Using fallback presentation compiler.
2026.10.02 10:20:42 INFO  no build target found for C:\Users\USER\Downloads\quiz-app\src\main\java\com\example\quiz_app\QuizAppApplication.java. Using fallback presentation compiler.
2026.10.02 10:20:44 INFO  no build target found for C:\Users\USER\Downloads\quiz-app\src\main\java\com\example\quiz_app\QuizAppApplication.java. Using fallback presentation compiler.
2026.10.02 10:21:05 INFO  no build target found for C:\Users\USER\Downloads\quiz-app\src\main\java\com\example\quiz_app\QuizAppApplication.java. Using fallback presentation compiler.
2026.10.02 10:21:23 INFO  no build target found for C:\Users\USER\Downloads\quiz-app\src\main\java\com\example\quiz_app\QuizAppApplication.java. Using fallback presentation compiler.
2026.10.02 10:23:07 INFO  no build target found for C:\Users\USER\Downloads\quiz-app\src\main\java\com\example\quiz_app\QuizAppApplication.java. Using fallback presentation compiler.
2026.10.02 10:23:07 INFO  no build target found for C:\Users\USER\Downloads\quiz-app\src\main\java\com\example\quiz_app\QuizAppApplication.java. Using fallback presentation compiler.
2026.10.02 10:23:07 INFO  no build target found for C:\Users\USER\Downloads\quiz-app\src\main\java\com\example\quiz_app\QuizAppApplication.java. Using fallback presentation compiler.
2026.10.02 10:23:07 INFO  no build target found for C:\Users\USER\Downloads\quiz-app\src\main\java\com\example\quiz_app\QuizAppApplication.java. Using fallback presentation compiler.
2026.10.02 10:23:12 INFO  no build target found for C:\Users\USER\Downloads\quiz-app\src\main\java\com\example\quiz_app\QuizAppApplication.java. Using fallback presentation compiler.
2026.10.02 10:23:12 INFO  no build target found for C:\Users\USER\Downloads\quiz-app\src\test\java\com\example\quiz_app\QuizAppApplicationTests.java. Using fallback presentation compiler.
2026.10.02 10:23:12 INFO  no build target found for C:\Users\USER\Downloads\quiz-app\src\test\java\com\example\quiz_app\QuizAppApplicationTests.java. Using fallback presentation compiler.
Oct 02, 2026 10:23:12 AM org.eclipse.lsp4j.jsonrpc.RemoteEndpoint handleCancellation
WARNING: Unmatched cancel notification for request id 30
2026.10.02 10:23:12 INFO  no build target found for C:\Users\USER\Downloads\quiz-app\src\test\java\com\example\quiz_app\QuizAppApplicationTests.java. Using fallback presentation compiler.
2026.10.02 10:23:28 INFO  no build target found for C:\Users\USER\Downloads\quiz-app\src\test\java\com\example\quiz_app\QuizAppApplicationTests.java. Using fallback presentation compiler.
2026.10.02 10:23:31 INFO  no build target found for C:\Users\USER\Downloads\quiz-app\src\test\java\com\example\quiz_app\QuizAppApplicationTests.java. Using fallback presentation compiler.
2026.10.02 10:23:41 WARN  no build target for: C:\Users\USER\Downloads\quiz-app\src\test\java\com\example\quiz_app\QuizAppApplicationTests.java
2026.10.02 10:23:41 INFO  no build target found for C:\Users\USER\Downloads\quiz-app\src\test\java\com\example\quiz_app\QuizAppApplicationTests.java. Using fallback presentation compiler.
2026.10.02 10:24:06 INFO  no build target found for C:\Users\USER\Downloads\quiz-app\src\main\java\com\example\quiz_app\QuizAppApplication.java. Using fallback presentation compiler.
2026.10.02 10:24:06 INFO  no build target found for C:\Users\USER\Downloads\quiz-app\src\main\java\com\example\quiz_app\QuizAppApplication.java. Using fallback presentation compiler.
2026.10.02 10:24:06 INFO  no build target found for C:\Users\USER\Downloads\quiz-app\src\main\java\com\example\quiz_app\QuizAppApplication.java. Using fallback presentation compiler.
2026.10.02 10:24:06 INFO  no build target found for C:\Users\USER\Downloads\quiz-app\src\main\java\com\example\quiz_app\QuizAppApplication.java. Using fallback presentation compiler.
2026.10.02 10:24:08 INFO  no build target found for C:\Users\USER\Downloads\quiz-app\src\test\java\com\example\quiz_app\QuizAppApplicationTests.java. Using fallback presentation compiler.
2026.10.02 10:24:08 WARN  no build target for: C:\Users\USER\Downloads\quiz-app\src\test\java\com\example\quiz_app\QuizAppApplicationTests.java
2026.10.02 10:24:08 INFO  no build target found for C:\Users\USER\Downloads\quiz-app\src\test\java\com\example\quiz_app\QuizAppApplicationTests.java. Using fallback presentation compiler.
2026.10.02 10:24:08 INFO  no build target found for C:\Users\USER\Downloads\quiz-app\src\test\java\com\example\quiz_app\QuizAppApplicationTests.java. Using fallback presentation compiler.
2026.10.02 10:24:33 INFO  Shutting down server
2026.10.02 10:24:33 INFO  Memory monitor stopped
2026.10.02 10:24:33 INFO  shutting down Metals
2026.10.02 10:24:33 INFO  Exiting server
2026.10.02 10:26:22 INFO  Started: Metals version 1.6.9 in folders 'C:\Users\USER\Downloads\quiz-app' for client Visual Studio Code 1.140.0.
2026.10.02 10:26:22 INFO  Memory monitor started
2026.10.02 10:26:22 WARN  Using H2 2.5.250 which is newer than the version Flyway has been verified with. The latest verified version of H2 is 2.3.232.
2026.10.02 10:26:36 INFO  no build target found for C:\Users\USER\Downloads\quiz-app\src\main\java\com\example\quiz_app\QuizAppApplication.java. Using fallback presentation compiler.
2026.10.02 10:26:36 INFO  no build target found for C:\Users\USER\Downloads\quiz-app\src\main\java\com\example\quiz_app\QuizAppApplication.java. Using fallback presentation compiler.
Oct 02, 2026 10:26:36 AM org.eclipse.lsp4j.jsonrpc.RemoteEndpoint handleCancellation
WARNING: Unmatched cancel notification for request id 1
2026.10.02 10:26:36 INFO  no build target found for C:\Users\USER\Downloads\quiz-app\src\main\java\com\example\quiz_app\QuizAppApplication.java. Using fallback presentation compiler.
Oct 02, 2026 10:26:37 AM org.eclipse.lsp4j.jsonrpc.RemoteEndpoint handleCancellation
WARNING: Unmatched cancel notification for request id 5
2026.10.02 10:26:36 INFO  no build target found for C:\Users\USER\Downloads\quiz-app\src\main\java\com\example\quiz_app\QuizAppApplication.java. Using fallback presentation compiler.
Oct 02, 2026 10:26:42 AM org.eclipse.lsp4j.jsonrpc.services.GenericEndpoint notify
INFO: Unsupported notification method: $/setTrace
2026.10.02 10:26:42 INFO  no build target found for C:\Users\USER\Downloads\quiz-app\src\main\java\com\example\quiz_app\QuizAppApplication.java. Using fallback presentation compiler.
Oct 02, 2026 10:26:42 AM org.eclipse.lsp4j.jsonrpc.RemoteEndpoint handleCancellation
WARNING: Unmatched cancel notification for request id 10
2026.10.02 10:26:42 INFO  no build target found for C:\Users\USER\Downloads\quiz-app\src\main\java\com\example\quiz_app\QuizAppApplication.java. Using fallback presentation compiler.
2026.10.02 10:39:08 INFO  no build target found for C:\Users\USER\Downloads\quiz-app\src\test\java\com\example\quiz_app\QuizAppApplicationTests.java. Using fallback presentation compiler.
2026.10.02 10:39:08 WARN  no build target for: C:\Users\USER\Downloads\quiz-app\src\test\java\com\example\quiz_app\QuizAppApplicationTests.java
2026.10.02 10:39:08 INFO  no build target found for C:\Users\USER\Downloads\quiz-app\src\test\java\com\example\quiz_app\QuizAppApplicationTests.java. Using fallback presentation compiler.
2026.10.02 10:39:08 INFO  no build target found for C:\Users\USER\Downloads\quiz-app\src\test\java\com\example\quiz_app\QuizAppApplicationTests.java. Using fallback presentation compiler.
2026.10.02 10:39:11 INFO  no build target found for C:\Users\USER\Downloads\quiz-app\src\main\java\com\example\quiz_app\QuizAppApplication.java. Using fallback presentation compiler.
2026.10.02 10:39:11 WARN  no build target for: C:\Users\USER\Downloads\quiz-app\src\main\java\com\example\quiz_app\QuizAppApplication.java
2026.10.02 10:39:11 INFO  no build target found for C:\Users\USER\Downloads\quiz-app\src\main\java\com\example\quiz_app\QuizAppApplication.java. Using fallback presentation compiler.
2026.10.02 10:39:11 INFO  no build target found for C:\Users\USER\Downloads\quiz-app\src\main\java\com\example\quiz_app\QuizAppApplication.java. Using fallback presentation compiler.
2026.10.02 10:39:11 INFO  no build target found for C:\Users\USER\Downloads\quiz-app\src\main\java\com\example\quiz_app\QuizAppApplication.java. Using fallback presentation compiler.
2026.10.02 10:39:22 INFO  no build target found for C:\Users\USER\Downloads\quiz-app\src\main\java\com\example\quiz_app\QuizAppApplication.java. Using fallback presentation compiler.
2026.10.02 10:39:22 WARN  no build target for: C:\Users\USER\Downloads\quiz-app\src\main\java\com\example\quiz_app\QuizAppApplication.java
2026.10.02 10:39:22 INFO  no build target found for C:\Users\USER\Downloads\quiz-app\src\main\java\com\example\quiz_app\QuizAppApplication.java. Using fallback presentation compiler.
2026.10.02 10:39:22 INFO  no build target found for C:\Users\USER\Downloads\quiz-app\src\main\java\com\example\quiz_app\QuizAppApplication.java. Using fallback presentation compiler.
2026.10.02 10:39:22 INFO  no build target found for C:\Users\USER\Downloads\quiz-app\src\main\java\com\example\quiz_app\QuizAppApplication.java. Using fallback presentation compiler.
2026.10.02 10:50:04 INFO  no build target found for C:\Users\USER\Downloads\quiz-app\src\main\java\com\example\quiz_app\QuizAppApplication.java. Using fallback presentation compiler.
2026.10.02 10:50:04 WARN  no build target for: C:\Users\USER\Downloads\quiz-app\src\main\java\com\example\quiz_app\QuizAppApplication.java
2026.10.02 10:50:04 INFO  no build target found for C:\Users\USER\Downloads\quiz-app\src\main\java\com\example\quiz_app\QuizAppApplication.java. Using fallback presentation compiler.
2026.10.02 10:50:04 INFO  no build target found for C:\Users\USER\Downloads\quiz-app\src\main\java\com\example\quiz_app\QuizAppApplication.java. Using fallback presentation compiler.
2026.10.02 10:50:04 INFO  no build target found for C:\Users\USER\Downloads\quiz-app\src\main\java\com\example\quiz_app\QuizAppApplication.java. Using fallback presentation compiler.
2026.10.02 11:09:25 INFO  no build target found for C:\Users\USER\Downloads\quiz-app\src\main\java\com\example\quiz_app\QuizAppApplication.java. Using fallback presentation compiler.
Oct 02, 2026 11:11:24 AM org.eclipse.lsp4j.jsonrpc.services.GenericEndpoint notify
INFO: Unsupported notification method: $/setTrace
2026.10.02 11:40:43 INFO  Shutting down server
2026.10.02 11:40:43 INFO  Memory monitor stopped
2026.10.02 11:40:43 INFO  shutting down Metals
2026.10.02 11:40:43 INFO  Exiting server
2026.10.03 14:55:21 INFO  Started: Metals version 1.6.9 in folders 'C:\Users\USER\Downloads\quiz-app' for client Visual Studio Code 1.140.0.
2026.10.03 14:55:21 INFO  Memory monitor started
2026.10.03 14:55:21 WARN  Using H2 2.5.250 which is newer than the version Flyway has been verified with. The latest verified version of H2 is 2.3.232.
2026.10.03 14:55:21 INFO  no build target found for C:\Users\USER\Downloads\quiz-app\src\main\java\com\example\quiz_app\entity\user.java. Using fallback presentation compiler.
2026.10.03 14:55:22 INFO  no build target found for C:\Users\USER\Downloads\quiz-app\src\main\java\com\example\quiz_app\entity\user.java. Using fallback presentation compiler.
2026.10.03 14:56:12 INFO  no build target found for C:\Users\USER\Downloads\quiz-app\src\main\java\repository\userRepository.java. Using fallback presentation compiler.
2026.10.03 14:56:13 INFO  no build target found for C:\Users\USER\Downloads\quiz-app\src\main\java\repository\userRepository.java. Using fallback presentation compiler.
2026.10.03 14:56:13 INFO  no build target found for C:\Users\USER\Downloads\quiz-app\src\main\java\repository\userRepository.java. Using fallback presentation compiler.
2026.10.03 14:56:13 INFO  no build target found for C:\Users\USER\Downloads\quiz-app\src\main\java\repository\userRepository.java. Using fallback presentation compiler.
2026.10.03 14:56:13 INFO  no build target found for C:\Users\USER\Downloads\quiz-app\src\main\java\repository\userRepository.java. Using fallback presentation compiler.
2026.10.03 14:57:05 INFO  no build target found for C:\Users\USER\Downloads\quiz-app\src\main\java\dto\AuthRequest.java. Using fallback presentation compiler.
2026.10.03 14:57:06 INFO  no build target found for C:\Users\USER\Downloads\quiz-app\src\main\java\dto\AuthRequest.java. Using fallback presentation compiler.
2026.10.03 14:57:06 INFO  no build target found for C:\Users\USER\Downloads\quiz-app\src\main\java\dto\AuthRequest.java. Using fallback presentation compiler.
2026.10.03 14:57:06 INFO  no build target found for C:\Users\USER\Downloads\quiz-app\src\main\java\dto\AuthRequest.java. Using fallback presentation compiler.
2026.10.03 14:57:52 INFO  no build target found for C:\Users\USER\Downloads\quiz-app\src\main\java\dto\AuthResponse.java. Using fallback presentation compiler.
2026.10.03 14:57:52 INFO  no build target found for C:\Users\USER\Downloads\quiz-app\src\main\java\dto\AuthResponse.java. Using fallback presentation compiler.
2026.10.03 14:57:52 INFO  no build target found for C:\Users\USER\Downloads\quiz-app\src\main\java\dto\AuthResponse.java. Using fallback presentation compiler.
2026.10.03 14:57:52 INFO  no build target found for C:\Users\USER\Downloads\quiz-app\src\main\java\dto\AuthResponse.java. Using fallback presentation compiler.
2026.10.03 14:57:53 INFO  no build target found for C:\Users\USER\Downloads\quiz-app\src\main\java\dto\AuthResponse.java. Using fallback presentation compiler.
2026.10.03 14:58:39 INFO  no build target found for C:\Users\USER\Downloads\quiz-app\src\main\java\service\userService.java. Using fallback presentation compiler.
2026.10.03 14:58:40 INFO  no build target found for C:\Users\USER\Downloads\quiz-app\src\main\java\service\userService.java. Using fallback presentation compiler.
2026.10.03 14:58:40 INFO  no build target found for C:\Users\USER\Downloads\quiz-app\src\main\java\service\userService.java. Using fallback presentation compiler.
2026.10.03 14:58:40 INFO  no build target found for C:\Users\USER\Downloads\quiz-app\src\main\java\service\userService.java. Using fallback presentation compiler.
2026.10.03 14:59:29 INFO  no build target found for C:\Users\USER\Downloads\quiz-app\src\main\java\controller\Authcontroller.java. Using fallback presentation compiler.
2026.10.03 14:59:29 INFO  no build target found for C:\Users\USER\Downloads\quiz-app\src\main\java\controller\Authcontroller.java. Using fallback presentation compiler.
2026.10.03 14:59:29 INFO  no build target found for C:\Users\USER\Downloads\quiz-app\src\main\java\controller\Authcontroller.java. Using fallback presentation compiler.
2026.10.03 14:59:29 INFO  no build target found for C:\Users\USER\Downloads\quiz-app\src\main\java\controller\Authcontroller.java. Using fallback presentation compiler.
2026.10.03 14:59:29 INFO  no build target found for C:\Users\USER\Downloads\quiz-app\src\main\java\controller\Authcontroller.java. Using fallback presentation compiler.
2026.10.03 15:00:14 INFO  no build target found for C:\Users\USER\Downloads\quiz-app\src\main\java\com\example\quiz_app\entity\user.java. Using fallback presentation compiler.
2026.10.03 15:00:14 WARN  no build target for: C:\Users\USER\Downloads\quiz-app\src\main\java\com\example\quiz_app\entity\user.java
2026.10.03 15:00:14 INFO  no build target found for C:\Users\USER\Downloads\quiz-app\src\main\java\com\example\quiz_app\entity\user.java. Using fallback presentation compiler.
2026.10.03 15:00:17 INFO  no build target found for C:\Users\USER\Downloads\quiz-app\src\main\java\com\example\quiz_app\entity\user.java. Using fallback presentation compiler.
2026.10.03 15:00:17 INFO  no build target found for C:\Users\USER\Downloads\quiz-app\src\main\java\com\example\quiz_app\entity\user.java. Using fallback presentation compiler.
2026.10.03 15:00:17 INFO  no build target found for C:\Users\USER\Downloads\quiz-app\src\main\java\com\example\quiz_app\entity\user.java. Using fallback presentation compiler.
2026.10.03 15:00:18 INFO  no build target found for C:\Users\USER\Downloads\quiz-app\src\main\java\com\example\quiz_app\entity\user.java. Using fallback presentation compiler.
2026.10.03 15:00:19 INFO  no build target found for C:\Users\USER\Downloads\quiz-app\src\main\java\com\example\quiz_app\entity\user.java. Using fallback presentation compiler.
2026.10.03 15:00:19 INFO  no build target found for C:\Users\USER\Downloads\quiz-app\src\main\java\com\example\quiz_app\entity\user.java. Using fallback presentation compiler.
2026.10.03 15:00:21 INFO  no build target found for C:\Users\USER\Downloads\quiz-app\src\main\java\com\example\quiz_app\entity\user.java. Using fallback presentation compiler.
2026.10.03 15:00:21 INFO  no build target found for C:\Users\USER\Downloads\quiz-app\src\main\java\com\example\quiz_app\entity\user.java. Using fallback presentation compiler.
2026.10.03 15:00:21 INFO  no build target found for C:\Users\USER\Downloads\quiz-app\src\main\java\com\example\quiz_app\entity\user.java. Using fallback presentation compiler.
2026.10.03 15:00:21 INFO  no build target found for C:\Users\USER\Downloads\quiz-app\src\main\java\com\example\quiz_app\entity\user.java. Using fallback presentation compiler.
2026.10.03 15:00:22 INFO  no build target found for C:\Users\USER\Downloads\quiz-app\src\main\java\com\example\quiz_app\entity\user.java. Using fallback presentation compiler.
2026.10.03 15:00:23 INFO  no build target found for C:\Users\USER\Downloads\quiz-app\src\main\java\com\example\quiz_app\entity\user.java. Using fallback presentation compiler.
2026.10.03 15:00:40 INFO  no build target found for C:\Users\USER\Downloads\quiz-app\src\main\java\com\example\quiz_app\QuizAppApplication.java. Using fallback presentation compiler.
2026.10.03 15:00:40 INFO  no build target found for C:\Users\USER\Downloads\quiz-app\src\main\java\com\example\quiz_app\QuizAppApplication.java. Using fallback presentation compiler.
2026.10.03 15:00:40 INFO  no build target found for C:\Users\USER\Downloads\quiz-app\src\main\java\com\example\quiz_app\QuizAppApplication.java. Using fallback presentation compiler.
2026.10.03 15:00:40 INFO  no build target found for C:\Users\USER\Downloads\quiz-app\src\main\java\com\example\quiz_app\QuizAppApplication.java. Using fallback presentation compiler.
2026.10.03 15:00:48 INFO  no build target found for C:\Users\USER\Downloads\quiz-app\src\main\java\repository\userRepository.java. Using fallback presentation compiler.
2026.10.03 15:00:48 WARN  no build target for: C:\Users\USER\Downloads\quiz-app\src\main\java\repository\userRepository.java
2026.10.03 15:00:48 INFO  no build target found for C:\Users\USER\Downloads\quiz-app\src\main\java\repository\userRepository.java. Using fallback presentation compiler.
2026.10.03 15:00:48 INFO  no build target found for C:\Users\USER\Downloads\quiz-app\src\main\java\repository\userRepository.java. Using fallback presentation compiler.
2026.10.03 15:00:48 INFO  no build target found for C:\Users\USER\Downloads\quiz-app\src\main\java\repository\userRepository.java. Using fallback presentation compiler.
2026.10.03 15:00:51 INFO  no build target found for C:\Users\USER\Downloads\quiz-app\src\main\java\repository\userRepository.java. Using fallback presentation compiler.
2026.10.03 15:00:51 INFO  no build target found for C:\Users\USER\Downloads\quiz-app\src\main\java\repository\userRepository.java. Using fallback presentation compiler.
2026.10.03 15:00:53 INFO  no build target found for C:\Users\USER\Downloads\quiz-app\src\main\java\repository\userRepository.java. Using fallback presentation compiler.
2026.10.03 15:00:53 INFO  no build target found for C:\Users\USER\Downloads\quiz-app\src\main\java\repository\userRepository.java. Using fallback presentation compiler.
2026.10.03 15:00:54 INFO  no build target found for C:\Users\USER\Downloads\quiz-app\src\main\java\repository\userRepository.java. Using fallback presentation compiler.
2026.10.03 15:00:54 INFO  no build target found for C:\Users\USER\Downloads\quiz-app\src\main\java\repository\userRepository.java. Using fallback presentation compiler.
2026.10.03 15:00:54 INFO  no build target found for C:\Users\USER\Downloads\quiz-app\src\main\java\repository\userRepository.java. Using fallback presentation compiler.
2026.10.03 15:00:54 INFO  no build target found for C:\Users\USER\Downloads\quiz-app\src\main\java\repository\userRepository.java. Using fallback presentation compiler.
2026.10.03 15:01:22 INFO  no build target found for C:\Users\USER\Downloads\quiz-app\src\main\java\repository\userRepository.java. Using fallback presentation compiler.
2026.10.03 15:01:22 INFO  no build target found for C:\Users\USER\Downloads\quiz-app\src\main\java\repository\userRepository.java. Using fallback presentation compiler.
2026.10.03 15:01:24 INFO  no build target found for C:\Users\USER\Downloads\quiz-app\src\main\java\repository\userRepository.java. Using fallback presentation compiler.
2026.10.03 15:01:24 INFO  no build target found for C:\Users\USER\Downloads\quiz-app\src\main\java\repository\userRepository.java. Using fallback presentation compiler.
2026.10.03 15:01:25 INFO  no build target found for C:\Users\USER\Downloads\quiz-app\src\main\java\repository\userRepository.java. Using fallback presentation compiler.
2026.10.03 15:01:25 INFO  no build target found for C:\Users\USER\Downloads\quiz-app\src\main\java\repository\userRepository.java. Using fallback presentation compiler.
2026.10.03 15:01:25 INFO  no build target found for C:\Users\USER\Downloads\quiz-app\src\main\java\repository\userRepository.java. Using fallback presentation compiler.
2026.10.03 15:01:25 INFO  no build target found for C:\Users\USER\Downloads\quiz-app\src\main\java\repository\userRepository.java. Using fallback presentation compiler.
2026.10.03 15:01:44 INFO  no build target found for C:\Users\USER\Downloads\quiz-app\src\main\java\dto\AuthRequest.java. Using fallback presentation compiler.
2026.10.03 15:01:44 WARN  no build target for: C:\Users\USER\Downloads\quiz-app\src\main\java\dto\AuthRequest.java
2026.10.03 15:01:44 INFO  no build target found for C:\Users\USER\Downloads\quiz-app\src\main\java\dto\AuthRequest.java. Using fallback presentation compiler.
2026.10.03 15:01:45 INFO  no build target found for C:\Users\USER\Downloads\quiz-app\src\main\java\dto\AuthRequest.java. Using fallback presentation compiler.
2026.10.03 15:01:45 INFO  no build target found for C:\Users\USER\Downloads\quiz-app\src\main\java\dto\AuthRequest.java. Using fallback presentation compiler.
2026.10.03 15:01:47 INFO  no build target found for C:\Users\USER\Downloads\quiz-app\src\main\java\dto\AuthRequest.java. Using fallback presentation compiler.
2026.10.03 15:01:47 INFO  no build target found for C:\Users\USER\Downloads\quiz-app\src\main\java\dto\AuthRequest.java. Using fallback presentation compiler.
2026.10.03 15:01:49 INFO  no build target found for C:\Users\USER\Downloads\quiz-app\src\main\java\dto\AuthRequest.java. Using fallback presentation compiler.
2026.10.03 15:01:49 INFO  no build target found for C:\Users\USER\Downloads\quiz-app\src\main\java\dto\AuthRequest.java. Using fallback presentation compiler.
2026.10.03 15:01:49 INFO  no build target found for C:\Users\USER\Downloads\quiz-app\src\main\java\dto\AuthRequest.java. Using fallback presentation compiler.
2026.10.03 15:01:49 INFO  no build target found for C:\Users\USER\Downloads\quiz-app\src\main\java\dto\AuthRequest.java. Using fallback presentation compiler.
2026.10.03 15:02:02 INFO  no build target found for C:\Users\USER\Downloads\quiz-app\src\main\java\dto\AuthResponse.java. Using fallback presentation compiler.
2026.10.03 15:02:02 WARN  no build target for: C:\Users\USER\Downloads\quiz-app\src\main\java\dto\AuthResponse.java
2026.10.03 15:02:02 INFO  no build target found for C:\Users\USER\Downloads\quiz-app\src\main\java\dto\AuthResponse.java. Using fallback presentation compiler.
2026.10.03 15:02:02 INFO  no build target found for C:\Users\USER\Downloads\quiz-app\src\main\java\dto\AuthResponse.java. Using fallback presentation compiler.
2026.10.03 15:02:02 INFO  no build target found for C:\Users\USER\Downloads\quiz-app\src\main\java\dto\AuthResponse.java. Using fallback presentation compiler.
2026.10.03 15:02:03 INFO  no build target found for C:\Users\USER\Downloads\quiz-app\src\main\java\dto\AuthResponse.java. Using fallback presentation compiler.
2026.10.03 15:02:03 INFO  no build target found for C:\Users\USER\Downloads\quiz-app\src\main\java\dto\AuthResponse.java. Using fallback presentation compiler.
2026.10.03 15:02:04 INFO  no build target found for C:\Users\USER\Downloads\quiz-app\src\main\java\dto\AuthResponse.java. Using fallback presentation compiler.
2026.10.03 15:02:05 INFO  no build target found for C:\Users\USER\Downloads\quiz-app\src\main\java\dto\AuthResponse.java. Using fallback presentation compiler.
2026.10.03 15:02:06 INFO  no build target found for C:\Users\USER\Downloads\quiz-app\src\main\java\dto\AuthResponse.java. Using fallback presentation compiler.
2026.10.03 15:02:06 INFO  no build target found for C:\Users\USER\Downloads\quiz-app\src\main\java\dto\AuthResponse.java. Using fallback presentation compiler.
2026.10.03 15:02:06 INFO  no build target found for C:\Users\USER\Downloads\quiz-app\src\main\java\dto\AuthResponse.java. Using fallback presentation compiler.
2026.10.03 15:02:06 INFO  no build target found for C:\Users\USER\Downloads\quiz-app\src\main\java\dto\AuthResponse.java. Using fallback presentation compiler.
2026.10.03 15:02:25 INFO  no build target found for C:\Users\USER\Downloads\quiz-app\src\main\java\service\userService.java. Using fallback presentation compiler.
2026.10.03 15:02:25 WARN  no build target for: C:\Users\USER\Downloads\quiz-app\src\main\java\service\userService.java
2026.10.03 15:02:25 INFO  no build target found for C:\Users\USER\Downloads\quiz-app\src\main\java\service\userService.java. Using fallback presentation compiler.
2026.10.03 15:02:27 INFO  no build target found for C:\Users\USER\Downloads\quiz-app\src\main\java\service\userService.java. Using fallback presentation compiler.
2026.10.03 15:02:27 INFO  no build target found for C:\Users\USER\Downloads\quiz-app\src\main\java\service\userService.java. Using fallback presentation compiler.
2026.10.03 15:02:28 INFO  no build target found for C:\Users\USER\Downloads\quiz-app\src\main\java\service\userService.java. Using fallback presentation compiler.
2026.10.03 15:02:28 INFO  no build target found for C:\Users\USER\Downloads\quiz-app\src\main\java\service\userService.java. Using fallback presentation compiler.
2026.10.03 15:02:30 INFO  no build target found for C:\Users\USER\Downloads\quiz-app\src\main\java\service\userService.java. Using fallback presentation compiler.
2026.10.03 15:02:30 INFO  no build target found for C:\Users\USER\Downloads\quiz-app\src\main\java\service\userService.java. Using fallback presentation compiler.
2026.10.03 15:02:30 INFO  no build target found for C:\Users\USER\Downloads\quiz-app\src\main\java\service\userService.java. Using fallback presentation compiler.
2026.10.03 15:02:30 INFO  no build target found for C:\Users\USER\Downloads\quiz-app\src\main\java\service\userService.java. Using fallback presentation compiler.
2026.10.03 15:02:32 INFO  no build target found for C:\Users\USER\Downloads\quiz-app\src\main\java\service\userService.java. Using fallback presentation compiler.
2026.10.03 15:02:32 INFO  no build target found for C:\Users\USER\Downloads\quiz-app\src\main\java\service\userService.java. Using fallback presentation compiler.
2026.10.03 15:03:02 INFO  no build target found for C:\Users\USER\Downloads\quiz-app\src\main\java\com\example\quiz_app\QuizAppApplication.java. Using fallback presentation compiler.
2026.10.03 15:04:19 INFO  no build target found for C:\Users\USER\Downloads\quiz-app\src\main\java\com\example\quiz_app\QuizAppApplication.java. Using fallback presentation compiler.
2026.10.03 15:04:19 INFO  no build target found for C:\Users\USER\Downloads\quiz-app\src\main\java\com\example\quiz_app\QuizAppApplication.java. Using fallback presentation compiler.
2026.10.03 15:04:19 INFO  no build target found for C:\Users\USER\Downloads\quiz-app\src\main\java\com\example\quiz_app\QuizAppApplication.java. Using fallback presentation compiler.
2026.10.03 15:04:19 INFO  no build target found for C:\Users\USER\Downloads\quiz-app\src\main\java\com\example\quiz_app\QuizAppApplication.java. Using fallback presentation compiler.
2026.10.03 15:04:21 INFO  no build target found for C:\Users\USER\Downloads\quiz-app\src\main\java\controller\Authcontroller.java. Using fallback presentation compiler.
2026.10.03 15:04:21 WARN  no build target for: C:\Users\USER\Downloads\quiz-app\src\main\java\controller\Authcontroller.java
2026.10.03 15:04:21 INFO  no build target found for C:\Users\USER\Downloads\quiz-app\src\main\java\controller\Authcontroller.java. Using fallback presentation compiler.
2026.10.03 15:04:21 INFO  no build target found for C:\Users\USER\Downloads\quiz-app\src\main\java\controller\Authcontroller.java. Using fallback presentation compiler.
2026.10.03 15:04:21 INFO  no build target found for C:\Users\USER\Downloads\quiz-app\src\main\java\controller\Authcontroller.java. Using fallback presentation compiler.
2026.10.03 15:04:32 INFO  no build target found for C:\Users\USER\Downloads\quiz-app\src\main\java\controller\Authcontroller.java. Using fallback presentation compiler.
2026.10.03 15:04:32 INFO  no build target found for C:\Users\USER\Downloads\quiz-app\src\main\java\controller\Authcontroller.java. Using fallback presentation compiler.
2026.10.03 15:04:34 INFO  no build target found for C:\Users\USER\Downloads\quiz-app\src\main\java\controller\Authcontroller.java. Using fallback presentation compiler.
2026.10.03 15:04:34 INFO  no build target found for C:\Users\USER\Downloads\quiz-app\src\main\java\controller\Authcontroller.java. Using fallback presentation compiler.
2026.10.03 15:04:34 INFO  no build target found for C:\Users\USER\Downloads\quiz-app\src\main\java\controller\Authcontroller.java. Using fallback presentation compiler.
2026.10.03 15:04:34 INFO  no build target found for C:\Users\USER\Downloads\quiz-app\src\main\java\controller\Authcontroller.java. Using fallback presentation compiler.
2026.10.03 15:04:44 INFO  no build target found for C:\Users\USER\Downloads\quiz-app\src\main\java\controller\Authcontroller.java. Using fallback presentation compiler.
2026.10.03 15:04:49 INFO  no build target found for C:\Users\USER\Downloads\quiz-app\src\main\java\controller\Authcontroller.java. Using fallback presentation compiler.
2026.10.03 15:04:49 INFO  no build target found for C:\Users\USER\Downloads\quiz-app\src\main\java\controller\Authcontroller.java. Using fallback presentation compiler.
2026.10.03 15:04:49 INFO  no build target found for C:\Users\USER\Downloads\quiz-app\src\main\java\controller\Authcontroller.java. Using fallback presentation compiler.
2026.10.03 15:04:51 INFO  no build target found for C:\Users\USER\Downloads\quiz-app\src\main\java\controller\Authcontroller.java. Using fallback presentation compiler.
2026.10.03 15:04:51 INFO  no build target found for C:\Users\USER\Downloads\quiz-app\src\main\java\controller\Authcontroller.java. Using fallback presentation compiler.
2026.10.03 15:04:52 INFO  no build target found for C:\Users\USER\Downloads\quiz-app\src\main\java\controller\Authcontroller.java. Using fallback presentation compiler.
2026.10.03 15:04:52 INFO  no build target found for C:\Users\USER\Downloads\quiz-app\src\main\java\controller\Authcontroller.java. Using fallback presentation compiler.
Oct 03, 2026 3:04:52 PM org.eclipse.lsp4j.jsonrpc.RemoteEndpoint handleCancellation
WARNING: Unmatched cancel notification for request id 337
2026.10.03 15:04:52 INFO  no build target found for C:\Users\USER\Downloads\quiz-app\src\main\java\controller\Authcontroller.java. Using fallback presentation compiler.
2026.10.03 15:04:52 INFO  no build target found for C:\Users\USER\Downloads\quiz-app\src\main\java\controller\Authcontroller.java. Using fallback presentation compiler.
2026.10.03 15:04:52 INFO  no build target found for C:\Users\USER\Downloads\quiz-app\src\main\java\controller\Authcontroller.java. Using fallback presentation compiler.
2026.10.03 15:04:52 INFO  no build target found for C:\Users\USER\Downloads\quiz-app\src\main\java\controller\Authcontroller.java. Using fallback presentation compiler.
2026.10.03 15:04:53 INFO  no build target found for C:\Users\USER\Downloads\quiz-app\src\main\java\controller\Authcontroller.java. Using fallback presentation compiler.
2026.10.03 15:04:53 INFO  no build target found for C:\Users\USER\Downloads\quiz-app\src\main\java\controller\Authcontroller.java. Using fallback presentation compiler.
2026.10.03 15:04:55 INFO  no build target found for C:\Users\USER\Downloads\quiz-app\src\main\java\controller\Authcontroller.java. Using fallback presentation compiler.
2026.10.03 15:04:55 INFO  no build target found for C:\Users\USER\Downloads\quiz-app\src\main\java\controller\Authcontroller.java. Using fallback presentation compiler.
2026.10.03 15:04:55 INFO  no build target found for C:\Users\USER\Downloads\quiz-app\src\main\java\controller\Authcontroller.java. Using fallback presentation compiler.
2026.10.03 15:04:55 INFO  no build target found for C:\Users\USER\Downloads\quiz-app\src\main\java\controller\Authcontroller.java. Using fallback presentation compiler.
2026.10.03 15:04:56 INFO  no build target found for C:\Users\USER\Downloads\quiz-app\src\main\java\controller\Authcontroller.java. Using fallback presentation compiler.
2026.10.03 15:04:56 INFO  no build target found for C:\Users\USER\Downloads\quiz-app\src\main\java\controller\Authcontroller.java. Using fallback presentation compiler.
2026.10.03 15:04:56 INFO  no build target found for C:\Users\USER\Downloads\quiz-app\src\main\java\controller\Authcontroller.java. Using fallback presentation compiler.
2026.10.03 15:04:58 INFO  no build target found for C:\Users\USER\Downloads\quiz-app\src\main\java\controller\Authcontroller.java. Using fallback presentation compiler.
2026.10.03 15:04:58 INFO  no build target found for C:\Users\USER\Downloads\quiz-app\src\main\java\controller\Authcontroller.java. Using fallback presentation compiler.
2026.10.03 15:04:58 INFO  no build target found for C:\Users\USER\Downloads\quiz-app\src\main\java\controller\Authcontroller.java. Using fallback presentation compiler.
2026.10.03 15:04:58 INFO  no build target found for C:\Users\USER\Downloads\quiz-app\src\main\java\controller\Authcontroller.java. Using fallback presentation compiler.
2026.10.03 15:05:00 INFO  no build target found for C:\Users\USER\Downloads\quiz-app\src\main\java\controller\Authcontroller.java. Using fallback presentation compiler.
2026.10.03 15:05:07 INFO  no build target found for C:\Users\USER\Downloads\quiz-app\src\main\java\com\example\quiz_app\QuizAppApplication.java. Using fallback presentation compiler.
2026.10.03 15:05:07 WARN  no build target for: C:\Users\USER\Downloads\quiz-app\src\main\java\com\example\quiz_app\QuizAppApplication.java
2026.10.03 15:05:07 INFO  no build target found for C:\Users\USER\Downloads\quiz-app\src\main\java\com\example\quiz_app\QuizAppApplication.java. Using fallback presentation compiler.
2026.10.03 15:05:07 INFO  no build target found for C:\Users\USER\Downloads\quiz-app\src\main\java\com\example\quiz_app\QuizAppApplication.java. Using fallback presentation compiler.
2026.10.03 15:05:07 INFO  no build target found for C:\Users\USER\Downloads\quiz-app\src\main\java\com\example\quiz_app\QuizAppApplication.java. Using fallback presentation compiler.
2026.10.03 15:07:34 INFO  no build target found for C:\Users\USER\Downloads\quiz-app\src\main\java\service\userService.java. Using fallback presentation compiler.
2026.10.03 15:07:34 WARN  no build target for: C:\Users\USER\Downloads\quiz-app\src\main\java\service\userService.java
2026.10.03 15:07:34 INFO  no build target found for C:\Users\USER\Downloads\quiz-app\src\main\java\service\userService.java. Using fallback presentation compiler.
2026.10.03 15:07:34 INFO  no build target found for C:\Users\USER\Downloads\quiz-app\src\main\java\service\userService.java. Using fallback presentation compiler.
2026.10.03 15:07:34 INFO  no build target found for C:\Users\USER\Downloads\quiz-app\src\main\java\service\userService.java. Using fallback presentation compiler.
2026.10.03 15:07:34 INFO  no build target found for C:\Users\USER\Downloads\quiz-app\src\main\java\service\userService.java. Using fallback presentation compiler.
2026.10.03 15:08:14 INFO  no build target found for C:\Users\USER\Downloads\quiz-app\src\main\java\service\UserService.java. Using fallback presentation compiler.
2026.10.03 15:11:17 INFO  no build target found for C:\Users\USER\Downloads\quiz-app\src\main\java\service\UserService.java. Using fallback presentation compiler.
2026.10.03 15:11:17 INFO  no build target found for C:\Users\USER\Downloads\quiz-app\src\main\java\service\UserService.java. Using fallback presentation compiler.
2026.10.03 15:11:21 INFO  no build target found for C:\Users\USER\Downloads\quiz-app\src\main\java\service\UserService.java. Using fallback presentation compiler.
2026.10.03 15:11:21 INFO  no build target found for C:\Users\USER\Downloads\quiz-app\src\main\java\service\UserService.java. Using fallback presentation compiler.
2026.10.03 15:17:19 INFO  no build target found for C:\Users\USER\Downloads\quiz-app\src\main\java\config\SecurityConfig.java. Using fallback presentation compiler.
2026.10.03 15:17:19 INFO  no build target found for C:\Users\USER\Downloads\quiz-app\src\main\java\config\SecurityConfig.java. Using fallback presentation compiler.
2026.10.03 15:17:19 INFO  no build target found for C:\Users\USER\Downloads\quiz-app\src\main\java\config\SecurityConfig.java. Using fallback presentation compiler.
2026.10.03 15:17:19 INFO  no build target found for C:\Users\USER\Downloads\quiz-app\src\main\java\config\SecurityConfig.java. Using fallback presentation compiler.
2026.10.03 15:17:19 INFO  no build target found for C:\Users\USER\Downloads\quiz-app\src\main\java\config\SecurityConfig.java. Using fallback presentation compiler.
2026.10.03 15:17:45 INFO  no build target found for c:\Users\USER\Downloads\quiz-app\src\main\java\config\SecurityConfig.java. Using fallback presentation compiler.
2026.10.03 15:17:45 INFO  no build target found for c:\Users\USER\Downloads\quiz-app\src\main\java\config\SecurityConfig.java. Using fallback presentation compiler.
2026.10.03 15:17:45 INFO  no build target found for C:\Users\USER\Downloads\quiz-app\src\main\java\config\security.java. Using fallback presentation compiler.
2026.10.03 15:17:45 INFO  no build target found for C:\Users\USER\Downloads\quiz-app\src\main\java\config\security.java. Using fallback presentation compiler.
2026.10.03 15:17:45 INFO  no build target found for C:\Users\USER\Downloads\quiz-app\src\main\java\config\security.java. Using fallback presentation compiler.
2026.10.03 15:17:45 INFO  no build target found for C:\Users\USER\Downloads\quiz-app\src\main\java\config\security.java. Using fallback presentation compiler.
2026.10.03 15:17:45 INFO  no build target found for C:\Users\USER\Downloads\quiz-app\src\main\java\config\security.java. Using fallback presentation compiler.
2026.10.03 15:18:16 INFO  no build target found for C:\Users\USER\Downloads\quiz-app\src\main\java\config\Security.java. Using fallback presentation compiler.
2026.10.03 15:18:19 INFO  no build target found for C:\Users\USER\Downloads\quiz-app\src\main\java\com\example\quiz_app\QuizAppApplication.java. Using fallback presentation compiler.
2026.10.03 15:18:19 WARN  no build target for: C:\Users\USER\Downloads\quiz-app\src\main\java\com\example\quiz_app\QuizAppApplication.java
2026.10.03 15:18:19 INFO  no build target found for C:\Users\USER\Downloads\quiz-app\src\main\java\com\example\quiz_app\QuizAppApplication.java. Using fallback presentation compiler.
2026.10.03 15:18:48 INFO  no build target found for C:\Users\USER\Downloads\quiz-app\src\main\java\repository\UserRepository.java. Using fallback presentation compiler.
2026.10.03 15:18:48 WARN  no build target for: C:\Users\USER\Downloads\quiz-app\src\main\java\repository\UserRepository.java
2026.10.03 15:18:48 INFO  no build target found for C:\Users\USER\Downloads\quiz-app\src\main\java\repository\UserRepository.java. Using fallback presentation compiler.
2026.10.03 15:18:48 INFO  no build target found for C:\Users\USER\Downloads\quiz-app\src\main\java\repository\UserRepository.java. Using fallback presentation compiler.
2026.10.03 15:18:48 INFO  no build target found for C:\Users\USER\Downloads\quiz-app\src\main\java\repository\UserRepository.java. Using fallback presentation compiler.
2026.10.03 15:18:49 INFO  no build target found for C:\Users\USER\Downloads\quiz-app\src\main\java\dto\Authrequest.java. Using fallback presentation compiler.
2026.10.03 15:18:49 WARN  no build target for: C:\Users\USER\Downloads\quiz-app\src\main\java\dto\Authrequest.java
2026.10.03 15:18:49 INFO  no build target found for C:\Users\USER\Downloads\quiz-app\src\main\java\dto\Authrequest.java. Using fallback presentation compiler.
2026.10.03 15:18:49 INFO  no build target found for C:\Users\USER\Downloads\quiz-app\src\main\java\dto\Authrequest.java. Using fallback presentation compiler.
2026.10.03 15:18:49 INFO  no build target found for C:\Users\USER\Downloads\quiz-app\src\main\java\dto\Authrequest.java. Using fallback presentation compiler.
2026.10.03 15:18:50 INFO  no build target found for C:\Users\USER\Downloads\quiz-app\src\main\java\com\example\quiz_app\QuizAppApplication.java. Using fallback presentation compiler.
2026.10.03 15:18:50 WARN  no build target for: C:\Users\USER\Downloads\quiz-app\src\main\java\com\example\quiz_app\QuizAppApplication.java
2026.10.03 15:18:51 INFO  no build target found for C:\Users\USER\Downloads\quiz-app\src\main\java\com\example\quiz_app\QuizAppApplication.java. Using fallback presentation compiler.
2026.10.03 15:18:52 INFO  no build target found for C:\Users\USER\Downloads\quiz-app\src\main\java\com\example\quiz_app\QuizAppApplication.java. Using fallback presentation compiler.
2026.10.03 15:24:55 INFO  no build target found for C:\Users\USER\Downloads\quiz-app\src\main\java\config\Security.java. Using fallback presentation compiler.
2026.10.03 15:24:55 WARN  no build target for: C:\Users\USER\Downloads\quiz-app\src\main\java\config\Security.java
2026.10.03 15:24:55 INFO  no build target found for C:\Users\USER\Downloads\quiz-app\src\main\java\config\Security.java. Using fallback presentation compiler.
2026.10.03 15:24:55 INFO  no build target found for C:\Users\USER\Downloads\quiz-app\src\main\java\config\Security.java. Using fallback presentation compiler.
2026.10.03 15:24:55 INFO  no build target found for C:\Users\USER\Downloads\quiz-app\src\main\java\config\Security.java. Using fallback presentation compiler.
2026.10.03 15:25:04 INFO  no build target found for c:\Users\USER\Downloads\quiz-app\src\main\java\config\security.java. Using fallback presentation compiler.
2026.10.03 15:25:04 INFO  no build target found for c:\Users\USER\Downloads\quiz-app\src\main\java\config\security.java. Using fallback presentation compiler.
2026.10.03 15:25:04 INFO  no build target found for C:\Users\USER\Downloads\quiz-app\src\main\java\config\SecurityConfig.java. Using fallback presentation compiler.
2026.10.03 15:25:04 INFO  no build target found for C:\Users\USER\Downloads\quiz-app\src\main\java\config\SecurityConfig.java. Using fallback presentation compiler.
2026.10.03 15:25:04 INFO  no build target found for C:\Users\USER\Downloads\quiz-app\src\main\java\config\SecurityConfig.java. Using fallback presentation compiler.
2026.10.03 15:25:04 INFO  no build target found for C:\Users\USER\Downloads\quiz-app\src\main\java\config\SecurityConfig.java. Using fallback presentation compiler.
2026.10.03 15:25:04 INFO  no build target found for C:\Users\USER\Downloads\quiz-app\src\main\java\config\SecurityConfig.java. Using fallback presentation compiler.
2026.10.03 15:26:02 INFO  no build target found for C:\Users\USER\Downloads\quiz-app\src\main\java\com\example\quiz_app\QuizAppApplication.java. Using fallback presentation compiler.
2026.10.03 15:28:06 INFO  no build target found for C:\Users\USER\Downloads\quiz-app\src\main\java\config\SecurityConfig.java. Using fallback presentation compiler.
2026.10.03 15:28:07 WARN  no build target for: C:\Users\USER\Downloads\quiz-app\src\main\java\config\SecurityConfig.java
2026.10.03 15:28:06 INFO  no build target found for C:\Users\USER\Downloads\quiz-app\src\main\java\config\SecurityConfig.java. Using fallback presentation compiler.
2026.10.03 15:28:06 INFO  no build target found for C:\Users\USER\Downloads\quiz-app\src\main\java\config\SecurityConfig.java. Using fallback presentation compiler.
2026.10.03 15:28:07 INFO  no build target found for C:\Users\USER\Downloads\quiz-app\src\main\java\config\SecurityConfig.java. Using fallback presentation compiler.
2026.10.03 15:28:06 INFO  no build target found for C:\Users\USER\Downloads\quiz-app\src\main\java\config\SecurityConfig.java. Using fallback presentation compiler.
2026.10.03 15:28:08 INFO  no build target found for C:\Users\USER\Downloads\quiz-app\src\main\java\config\SecurityConfig.java. Using fallback presentation compiler.
2026.10.03 15:28:08 INFO  no build target found for C:\Users\USER\Downloads\quiz-app\src\main\java\config\SecurityConfig.java. Using fallback presentation compiler.
2026.10.03 15:28:08 INFO  no build target found for C:\Users\USER\Downloads\quiz-app\src\main\java\config\SecurityConfig.java. Using fallback presentation compiler.
2026.10.03 15:28:13 INFO  no build target found for C:\Users\USER\Downloads\quiz-app\src\main\java\config\SecurityConfig.java. Using fallback presentation compiler.
2026.10.03 15:28:16 INFO  no build target found for C:\Users\USER\Downloads\quiz-app\src\main\java\config\SecurityConfig.java. Using fallback presentation compiler.
2026.10.03 15:28:16 WARN  Running javac-semanticdb failed for file:///C:/Users/USER/Downloads/quiz-app/src/main/java/config/SecurityConfig.java. Output:

2026.10.03 15:28:16 INFO  no build target found for C:\Users\USER\Downloads\quiz-app\src\main\java\config\SecurityConfig.java. Using fallback presentation compiler.
2026.10.03 15:28:16 INFO  no build target found for C:\Users\USER\Downloads\quiz-app\src\main\java\config\SecurityConfig.java. Using fallback presentation compiler.
2026.10.03 15:28:16 INFO  no build target found for C:\Users\USER\Downloads\quiz-app\src\main\java\config\SecurityConfig.java. Using fallback presentation compiler.
2026.10.03 15:28:16 INFO  no build target found for C:\Users\USER\Downloads\quiz-app\src\main\java\config\SecurityConfig.java. Using fallback presentation compiler.
2026.10.03 15:28:16 INFO  Created report: Optional[file:///C:/Users/USER/Downloads/quiz-app/src/main/java/config/SecurityConfig.java]
2026.10.03 15:28:16 INFO  empty definition using pc, found symbol in pc: com/example/quiz_app/config/security#csrf#authorizeHttpRequests# (full report at: "C:\Users\USER\Downloads\quiz-app\.metals\.reports\metals-full\2026-10-03\r_empty-definition_15-28-16-820.md")
2026.10.03 15:28:16 INFO  no build target found for C:\Users\USER\Downloads\quiz-app\src\main\java\config\SecurityConfig.java. Using fallback presentation compiler.
2026.10.03 15:28:16 INFO  no build target found for C:\Users\USER\Downloads\quiz-app\src\main\java\config\SecurityConfig.java. Using fallback presentation compiler.
2026.10.03 15:28:18 INFO  no build target found for C:\Users\USER\Downloads\quiz-app\src\main\java\config\SecurityConfig.java. Using fallback presentation compiler.
2026.10.03 15:28:18 INFO  no build target found for C:\Users\USER\Downloads\quiz-app\src\main\java\config\SecurityConfig.java. Using fallback presentation compiler.
2026.10.03 15:28:18 INFO  no build target found for C:\Users\USER\Downloads\quiz-app\src\main\java\config\SecurityConfig.java. Using fallback presentation compiler.
2026.10.03 15:28:20 INFO  no build target found for C:\Users\USER\Downloads\quiz-app\src\main\java\config\SecurityConfig.java. Using fallback presentation compiler.
2026.10.03 15:28:20 INFO  no build target found for C:\Users\USER\Downloads\quiz-app\src\main\java\config\SecurityConfig.java. Using fallback presentation compiler.
2026.10.03 15:28:21 INFO  no build target found for C:\Users\USER\Downloads\quiz-app\src\main\java\config\SecurityConfig.java. Using fallback presentation compiler.
2026.10.03 15:28:21 INFO  no build target found for C:\Users\USER\Downloads\quiz-app\src\main\java\config\SecurityConfig.java. Using fallback presentation compiler.
2026.10.03 15:28:22 INFO  no build target found for C:\Users\USER\Downloads\quiz-app\src\main\java\config\SecurityConfig.java. Using fallback presentation compiler.
2026.10.03 15:28:22 INFO  no build target found for C:\Users\USER\Downloads\quiz-app\src\main\java\config\SecurityConfig.java. Using fallback presentation compiler.
2026.10.03 15:28:24 INFO  no build target found for C:\Users\USER\Downloads\quiz-app\src\main\java\config\SecurityConfig.java. Using fallback presentation compiler.
2026.10.03 15:28:24 INFO  no build target found for C:\Users\USER\Downloads\quiz-app\src\main\java\config\SecurityConfig.java. Using fallback presentation compiler.
2026.10.03 15:28:26 INFO  no build target found for C:\Users\USER\Downloads\quiz-app\src\main\java\config\SecurityConfig.java. Using fallback presentation compiler.
2026.10.03 15:28:26 INFO  no build target found for C:\Users\USER\Downloads\quiz-app\src\main\java\config\SecurityConfig.java. Using fallback presentation compiler.
2026.10.03 15:28:28 INFO  no build target found for C:\Users\USER\Downloads\quiz-app\src\main\java\config\SecurityConfig.java. Using fallback presentation compiler.
2026.10.03 15:28:28 INFO  no build target found for C:\Users\USER\Downloads\quiz-app\src\main\java\config\SecurityConfig.java. Using fallback presentation compiler.
2026.10.03 15:28:30 INFO  no build target found for C:\Users\USER\Downloads\quiz-app\src\main\java\config\SecurityConfig.java. Using fallback presentation compiler.
2026.10.03 15:28:30 INFO  no build target found for C:\Users\USER\Downloads\quiz-app\src\main\java\config\SecurityConfig.java. Using fallback presentation compiler.
2026.10.03 15:28:31 INFO  no build target found for C:\Users\USER\Downloads\quiz-app\src\main\java\config\SecurityConfig.java. Using fallback presentation compiler.
2026.10.03 15:28:31 INFO  no build target found for C:\Users\USER\Downloads\quiz-app\src\main\java\config\SecurityConfig.java. Using fallback presentation compiler.
Oct 03, 2026 3:28:31 PM org.eclipse.lsp4j.jsonrpc.RemoteEndpoint handleCancellation
WARNING: Unmatched cancel notification for request id 599
2026.10.03 15:28:33 INFO  no build target found for C:\Users\USER\Downloads\quiz-app\src\main\java\config\SecurityConfig.java. Using fallback presentation compiler.
2026.10.03 15:28:33 INFO  no build target found for C:\Users\USER\Downloads\quiz-app\src\main\java\config\SecurityConfig.java. Using fallback presentation compiler.
2026.10.03 15:28:33 INFO  no build target found for C:\Users\USER\Downloads\quiz-app\src\main\java\config\SecurityConfig.java. Using fallback presentation compiler.
2026.10.03 15:28:35 INFO  no build target found for C:\Users\USER\Downloads\quiz-app\src\main\java\config\SecurityConfig.java. Using fallback presentation compiler.
2026.10.03 15:28:38 INFO  no build target found for C:\Users\USER\Downloads\quiz-app\src\main\java\config\SecurityConfig.java. Using fallback presentation compiler.
2026.10.03 15:28:38 INFO  no build target found for C:\Users\USER\Downloads\quiz-app\src\main\java\config\SecurityConfig.java. Using fallback presentation compiler.
2026.10.03 15:29:11 INFO  no build target found for C:\Users\USER\Downloads\quiz-app\src\main\java\config\SecurityConfig.java. Using fallback presentation compiler.
2026.10.03 15:29:11 WARN  Running javac-semanticdb failed for file:///C:/Users/USER/Downloads/quiz-app/src/main/java/config/SecurityConfig.java. Output:

2026.10.03 15:29:11 INFO  no build target found for C:\Users\USER\Downloads\quiz-app\src\main\java\config\SecurityConfig.java. Using fallback presentation compiler.
2026.10.03 15:29:11 INFO  no build target found for C:\Users\USER\Downloads\quiz-app\src\main\java\config\SecurityConfig.java. Using fallback presentation compiler.
2026.10.03 15:29:11 INFO  no build target found for C:\Users\USER\Downloads\quiz-app\src\main\java\config\SecurityConfig.java. Using fallback presentation compiler.
2026.10.03 15:29:11 INFO  no build target found for C:\Users\USER\Downloads\quiz-app\src\main\java\config\SecurityConfig.java. Using fallback presentation compiler.
2026.10.03 15:29:11 INFO  no build target found for C:\Users\USER\Downloads\quiz-app\src\main\java\config\SecurityConfig.java. Using fallback presentation compiler.
2026.10.03 15:29:17 INFO  no build target found for C:\Users\USER\Downloads\quiz-app\src\main\java\config\SecurityConfig.java. Using fallback presentation compiler.
2026.10.03 15:29:26 WARN  no build target for: C:\Users\USER\Downloads\quiz-app\src\main\java\config\SecurityConfig.java
2026.10.03 15:29:26 INFO  no build target found for C:\Users\USER\Downloads\quiz-app\src\main\java\config\SecurityConfig.java. Using fallback presentation compiler.
2026.10.03 15:29:27 INFO  no build target found for C:\Users\USER\Downloads\quiz-app\src\main\java\config\SecurityConfig.java. Using fallback presentation compiler.
2026.10.03 15:29:35 INFO  no build target found for C:\Users\USER\Downloads\quiz-app\src\main\java\config\SecurityConfig.java. Using fallback presentation compiler.
2026.10.03 15:29:35 INFO  no build target found for C:\Users\USER\Downloads\quiz-app\src\main\java\config\SecurityConfig.java. Using fallback presentation compiler.
2026.10.03 15:29:35 INFO  no build target found for C:\Users\USER\Downloads\quiz-app\src\main\java\config\SecurityConfig.java. Using fallback presentation compiler.
2026.10.03 15:29:38 INFO  no build target found for C:\Users\USER\Downloads\quiz-app\src\main\java\config\SecurityConfig.java. Using fallback presentation compiler.
2026.10.03 15:29:38 INFO  no build target found for C:\Users\USER\Downloads\quiz-app\src\main\java\config\SecurityConfig.java. Using fallback presentation compiler.
2026.10.03 15:29:41 INFO  no build target found for C:\Users\USER\Downloads\quiz-app\src\main\java\config\SecurityConfig.java. Using fallback presentation compiler.
2026.10.03 15:29:41 INFO  no build target found for C:\Users\USER\Downloads\quiz-app\src\main\java\config\SecurityConfig.java. Using fallback presentation compiler.
2026.10.03 15:29:42 INFO  no build target found for C:\Users\USER\Downloads\quiz-app\src\main\java\config\SecurityConfig.java. Using fallback presentation compiler.
2026.10.03 15:29:42 INFO  no build target found for C:\Users\USER\Downloads\quiz-app\src\main\java\config\SecurityConfig.java. Using fallback presentation compiler.
2026.10.03 15:29:42 INFO  no build target found for C:\Users\USER\Downloads\quiz-app\src\main\java\config\SecurityConfig.java. Using fallback presentation compiler.
2026.10.03 15:29:43 INFO  no build target found for C:\Users\USER\Downloads\quiz-app\src\main\java\config\SecurityConfig.java. Using fallback presentation compiler.
2026.10.03 15:29:43 INFO  no build target found for C:\Users\USER\Downloads\quiz-app\src\main\java\config\SecurityConfig.java. Using fallback presentation compiler.
2026.10.03 15:29:43 INFO  no build target found for C:\Users\USER\Downloads\quiz-app\src\main\java\config\SecurityConfig.java. Using fallback presentation compiler.
2026.10.03 15:30:25 INFO  no build target found for C:\Users\USER\Downloads\quiz-app\src\main\java\config\SecurityConfig.java. Using fallback presentation compiler.
2026.10.03 15:30:25 INFO  no build target found for C:\Users\USER\Downloads\quiz-app\src\main\java\config\SecurityConfig.java. Using fallback presentation compiler.
2026.10.03 15:30:25 INFO  no build target found for C:\Users\USER\Downloads\quiz-app\src\main\java\config\SecurityConfig.java. Using fallback presentation compiler.
2026.10.03 15:30:25 INFO  no build target found for C:\Users\USER\Downloads\quiz-app\src\main\java\config\SecurityConfig.java. Using fallback presentation compiler.
2026.10.03 15:30:25 INFO  no build target found for C:\Users\USER\Downloads\quiz-app\src\main\java\config\SecurityConfig.java. Using fallback presentation compiler.
2026.10.03 15:30:26 INFO  no build target found for C:\Users\USER\Downloads\quiz-app\src\main\java\config\SecurityConfig.java. Using fallback presentation compiler.
2026.10.03 15:30:26 INFO  no build target found for C:\Users\USER\Downloads\quiz-app\src\main\java\config\SecurityConfig.java. Using fallback presentation compiler.
2026.10.03 15:30:26 INFO  no build target found for C:\Users\USER\Downloads\quiz-app\src\main\java\config\SecurityConfig.java. Using fallback presentation compiler.
2026.10.03 15:30:27 INFO  no build target found for C:\Users\USER\Downloads\quiz-app\src\main\java\config\SecurityConfig.java. Using fallback presentation compiler.
2026.10.03 15:30:27 INFO  no build target found for C:\Users\USER\Downloads\quiz-app\src\main\java\config\SecurityConfig.java. Using fallback presentation compiler.
2026.10.03 15:30:28 INFO  no build target found for C:\Users\USER\Downloads\quiz-app\src\main\java\config\SecurityConfig.java. Using fallback presentation compiler.
2026.10.03 15:30:27 INFO  no build target found for C:\Users\USER\Downloads\quiz-app\src\main\java\config\SecurityConfig.java. Using fallback presentation compiler.
2026.10.03 15:30:29 INFO  no build target found for C:\Users\USER\Downloads\quiz-app\src\main\java\config\SecurityConfig.java. Using fallback presentation compiler.
2026.10.03 15:30:29 INFO  no build target found for C:\Users\USER\Downloads\quiz-app\src\main\java\config\SecurityConfig.java. Using fallback presentation compiler.
2026.10.03 15:30:29 INFO  no build target found for C:\Users\USER\Downloads\quiz-app\src\main\java\config\SecurityConfig.java. Using fallback presentation compiler.
2026.10.03 15:30:29 INFO  no build target found for C:\Users\USER\Downloads\quiz-app\src\main\java\config\SecurityConfig.java. Using fallback presentation compiler.
2026.10.03 15:30:29 INFO  no build target found for C:\Users\USER\Downloads\quiz-app\src\main\java\config\SecurityConfig.java. Using fallback presentation compiler.
2026.10.03 15:30:30 INFO  no build target found for C:\Users\USER\Downloads\quiz-app\src\main\java\config\SecurityConfig.java. Using fallback presentation compiler.
2026.10.03 15:30:32 INFO  no build target found for C:\Users\USER\Downloads\quiz-app\src\main\java\config\SecurityConfig.java. Using fallback presentation compiler.
2026.10.03 15:30:33 INFO  no build target found for C:\Users\USER\Downloads\quiz-app\src\main\java\config\SecurityConfig.java. Using fallback presentation compiler.
2026.10.03 15:30:33 INFO  no build target found for C:\Users\USER\Downloads\quiz-app\src\main\java\config\SecurityConfig.java. Using fallback presentation compiler.
2026.10.03 15:30:34 INFO  no build target found for C:\Users\USER\Downloads\quiz-app\src\main\java\config\SecurityConfig.java. Using fallback presentation compiler.
2026.10.03 15:30:56 INFO  no build target found for C:\Users\USER\Downloads\quiz-app\src\main\java\config\SecurityConfig.java. Using fallback presentation compiler.
2026.10.03 15:30:56 INFO  no build target found for C:\Users\USER\Downloads\quiz-app\src\main\java\config\SecurityConfig.java. Using fallback presentation compiler.
2026.10.03 15:30:56 INFO  no build target found for C:\Users\USER\Downloads\quiz-app\src\main\java\config\SecurityConfig.java. Using fallback presentation compiler.
2026.10.03 15:30:57 INFO  no build target found for C:\Users\USER\Downloads\quiz-app\src\main\java\config\SecurityConfig.java. Using fallback presentation compiler.
2026.10.03 15:30:59 INFO  no build target found for C:\Users\USER\Downloads\quiz-app\src\main\java\config\SecurityConfig.java. Using fallback presentation compiler.
2026.10.03 15:32:51 INFO  no build target found for C:\Users\USER\Downloads\quiz-app\src\main\java\config\SecurityConfig.java. Using fallback presentation compiler.
2026.10.03 15:32:51 INFO  no build target found for C:\Users\USER\Downloads\quiz-app\src\main\java\config\SecurityConfig.java. Using fallback presentation compiler.
2026.10.03 15:32:51 INFO  no build target found for C:\Users\USER\Downloads\quiz-app\src\main\java\config\SecurityConfig.java. Using fallback presentation compiler.
2026.10.03 15:32:51 INFO  no build target found for C:\Users\USER\Downloads\quiz-app\src\main\java\config\SecurityConfig.java. Using fallback presentation compiler.
2026.10.03 15:32:51 INFO  no build target found for C:\Users\USER\Downloads\quiz-app\src\main\java\config\SecurityConfig.java. Using fallback presentation compiler.
2026.10.03 15:32:51 INFO  no build target found for C:\Users\USER\Downloads\quiz-app\src\main\java\config\SecurityConfig.java. Using fallback presentation compiler.
2026.10.03 15:32:52 INFO  no build target found for C:\Users\USER\Downloads\quiz-app\src\main\java\config\SecurityConfig.java. Using fallback presentation compiler.
2026.10.03 15:32:52 INFO  no build target found for C:\Users\USER\Downloads\quiz-app\src\main\java\config\SecurityConfig.java. Using fallback presentation compiler.
2026.10.03 15:32:53 INFO  no build target found for C:\Users\USER\Downloads\quiz-app\src\main\java\config\SecurityConfig.java. Using fallback presentation compiler.
2026.10.03 15:32:53 INFO  no build target found for C:\Users\USER\Downloads\quiz-app\src\main\java\config\SecurityConfig.java. Using fallback presentation compiler.
2026.10.03 15:32:53 INFO  no build target found for C:\Users\USER\Downloads\quiz-app\src\main\java\config\SecurityConfig.java. Using fallback presentation compiler.
2026.10.03 15:32:55 INFO  no build target found for C:\Users\USER\Downloads\quiz-app\src\main\java\config\SecurityConfig.java. Using fallback presentation compiler.
2026.10.03 15:32:55 INFO  no build target found for C:\Users\USER\Downloads\quiz-app\src\main\java\config\SecurityConfig.java. Using fallback presentation compiler.
2026.10.03 15:32:56 INFO  no build target found for C:\Users\USER\Downloads\quiz-app\src\main\java\config\SecurityConfig.java. Using fallback presentation compiler.
2026.10.03 15:32:56 INFO  no build target found for C:\Users\USER\Downloads\quiz-app\src\main\java\config\SecurityConfig.java. Using fallback presentation compiler.
2026.10.03 15:32:56 INFO  no build target found for C:\Users\USER\Downloads\quiz-app\src\main\java\config\SecurityConfig.java. Using fallback presentation compiler.
2026.10.03 15:32:56 INFO  no build target found for C:\Users\USER\Downloads\quiz-app\src\main\java\config\SecurityConfig.java. Using fallback presentation compiler.
2026.10.03 15:32:56 INFO  no build target found for C:\Users\USER\Downloads\quiz-app\src\main\java\config\SecurityConfig.java. Using fallback presentation compiler.
2026.10.03 15:32:58 INFO  no build target found for C:\Users\USER\Downloads\quiz-app\src\main\java\config\SecurityConfig.java. Using fallback presentation compiler.
2026.10.03 15:33:00 INFO  no build target found for C:\Users\USER\Downloads\quiz-app\src\main\java\config\SecurityConfig.java. Using fallback presentation compiler.
2026.10.03 15:33:00 INFO  no build target found for C:\Users\USER\Downloads\quiz-app\src\main\java\config\SecurityConfig.java. Using fallback presentation compiler.
2026.10.03 15:33:00 INFO  no build target found for C:\Users\USER\Downloads\quiz-app\src\main\java\config\SecurityConfig.java. Using fallback presentation compiler.
2026.10.03 15:33:00 INFO  no build target found for C:\Users\USER\Downloads\quiz-app\src\main\java\config\SecurityConfig.java. Using fallback presentation compiler.
2026.10.03 15:33:00 INFO  no build target found for C:\Users\USER\Downloads\quiz-app\src\main\java\config\SecurityConfig.java. Using fallback presentation compiler.
2026.10.03 15:33:00 INFO  no build target found for C:\Users\USER\Downloads\quiz-app\src\main\java\config\SecurityConfig.java. Using fallback presentation compiler.
2026.10.03 15:33:00 INFO  no build target found for C:\Users\USER\Downloads\quiz-app\src\main\java\config\SecurityConfig.java. Using fallback presentation compiler.
2026.10.03 15:33:01 INFO  no build target found for C:\Users\USER\Downloads\quiz-app\src\main\java\config\SecurityConfig.java. Using fallback presentation compiler.
2026.10.03 15:33:01 INFO  no build target found for C:\Users\USER\Downloads\quiz-app\src\main\java\config\SecurityConfig.java. Using fallback presentation compiler.
2026.10.03 15:33:01 INFO  no build target found for C:\Users\USER\Downloads\quiz-app\src\main\java\config\SecurityConfig.java. Using fallback presentation compiler.
2026.10.03 15:33:01 INFO  no build target found for C:\Users\USER\Downloads\quiz-app\src\main\java\config\SecurityConfig.java. Using fallback presentation compiler.
2026.10.03 15:33:01 INFO  no build target found for C:\Users\USER\Downloads\quiz-app\src\main\java\config\SecurityConfig.java. Using fallback presentation compiler.
2026.10.03 15:33:02 INFO  no build target found for C:\Users\USER\Downloads\quiz-app\src\main\java\config\SecurityConfig.java. Using fallback presentation compiler.
2026.10.03 15:33:02 INFO  no build target found for C:\Users\USER\Downloads\quiz-app\src\main\java\config\SecurityConfig.java. Using fallback presentation compiler.
2026.10.03 15:33:03 INFO  no build target found for C:\Users\USER\Downloads\quiz-app\src\main\java\config\SecurityConfig.java. Using fallback presentation compiler.
2026.10.03 15:33:04 INFO  no build target found for C:\Users\USER\Downloads\quiz-app\src\main\java\config\SecurityConfig.java. Using fallback presentation compiler.
2026.10.03 15:33:03 INFO  no build target found for C:\Users\USER\Downloads\quiz-app\src\main\java\config\SecurityConfig.java. Using fallback presentation compiler.
2026.10.03 15:33:05 INFO  no build target found for C:\Users\USER\Downloads\quiz-app\src\main\java\config\SecurityConfig.java. Using fallback presentation compiler.
2026.10.03 15:33:05 INFO  no build target found for C:\Users\USER\Downloads\quiz-app\src\main\java\config\SecurityConfig.java. Using fallback presentation compiler.
2026.10.03 15:33:05 INFO  no build target found for C:\Users\USER\Downloads\quiz-app\src\main\java\config\SecurityConfig.java. Using fallback presentation compiler.
2026.10.03 15:33:05 INFO  no build target found for C:\Users\USER\Downloads\quiz-app\src\main\java\config\SecurityConfig.java. Using fallback presentation compiler.
2026.10.03 15:33:07 INFO  no build target found for C:\Users\USER\Downloads\quiz-app\src\main\java\config\SecurityConfig.java. Using fallback presentation compiler.
2026.10.03 15:33:07 INFO  no build target found for C:\Users\USER\Downloads\quiz-app\src\main\java\config\SecurityConfig.java. Using fallback presentation compiler.
2026.10.03 15:33:07 INFO  no build target found for C:\Users\USER\Downloads\quiz-app\src\main\java\config\SecurityConfig.java. Using fallback presentation compiler.
2026.10.03 15:33:07 INFO  no build target found for C:\Users\USER\Downloads\quiz-app\src\main\java\config\SecurityConfig.java. Using fallback presentation compiler.
2026.10.03 15:33:10 INFO  no build target found for C:\Users\USER\Downloads\quiz-app\src\main\java\config\SecurityConfig.java. Using fallback presentation compiler.
2026.10.03 15:33:10 INFO  no build target found for C:\Users\USER\Downloads\quiz-app\src\main\java\config\SecurityConfig.java. Using fallback presentation compiler.
2026.10.03 15:33:10 INFO  no build target found for C:\Users\USER\Downloads\quiz-app\src\main\java\config\SecurityConfig.java. Using fallback presentation compiler.
2026.10.03 15:33:10 INFO  no build target found for C:\Users\USER\Downloads\quiz-app\src\main\java\config\SecurityConfig.java. Using fallback presentation compiler.
2026.10.03 15:33:12 INFO  no build target found for C:\Users\USER\Downloads\quiz-app\src\main\java\config\SecurityConfig.java. Using fallback presentation compiler.
2026.10.03 15:33:12 INFO  no build target found for C:\Users\USER\Downloads\quiz-app\src\main\java\config\SecurityConfig.java. Using fallback presentation compiler.
2026.10.03 15:33:12 INFO  no build target found for C:\Users\USER\Downloads\quiz-app\src\main\java\config\SecurityConfig.java. Using fallback presentation compiler.
2026.10.03 15:33:14 INFO  no build target found for C:\Users\USER\Downloads\quiz-app\src\main\java\config\SecurityConfig.java. Using fallback presentation compiler.
2026.10.03 15:33:14 INFO  no build target found for C:\Users\USER\Downloads\quiz-app\src\main\java\config\SecurityConfig.java. Using fallback presentation compiler.
2026.10.03 15:33:14 INFO  no build target found for C:\Users\USER\Downloads\quiz-app\src\main\java\config\SecurityConfig.java. Using fallback presentation compiler.
2026.10.03 15:33:14 INFO  no build target found for C:\Users\USER\Downloads\quiz-app\src\main\java\config\SecurityConfig.java. Using fallback presentation compiler.
2026.10.03 15:33:14 INFO  no build target found for C:\Users\USER\Downloads\quiz-app\src\main\java\config\SecurityConfig.java. Using fallback presentation compiler.
2026.10.03 15:33:16 INFO  no build target found for C:\Users\USER\Downloads\quiz-app\src\main\java\config\SecurityConfig.java. Using fallback presentation compiler.
2026.10.03 15:33:16 INFO  no build target found for C:\Users\USER\Downloads\quiz-app\src\main\java\config\SecurityConfig.java. Using fallback presentation compiler.
2026.10.03 15:33:16 INFO  no build target found for C:\Users\USER\Downloads\quiz-app\src\main\java\config\SecurityConfig.java. Using fallback presentation compiler.
2026.10.03 15:33:16 INFO  no build target found for C:\Users\USER\Downloads\quiz-app\src\main\java\config\SecurityConfig.java. Using fallback presentation compiler.
2026.10.03 15:33:17 INFO  no build target found for C:\Users\USER\Downloads\quiz-app\src\main\java\config\SecurityConfig.java. Using fallback presentation compiler.
2026.10.03 15:33:17 INFO  no build target found for C:\Users\USER\Downloads\quiz-app\src\main\java\config\SecurityConfig.java. Using fallback presentation compiler.
2026.10.03 15:33:17 INFO  no build target found for C:\Users\USER\Downloads\quiz-app\src\main\java\config\SecurityConfig.java. Using fallback presentation compiler.
2026.10.03 15:33:18 INFO  no build target found for C:\Users\USER\Downloads\quiz-app\src\main\java\config\SecurityConfig.java. Using fallback presentation compiler.
2026.10.03 15:33:18 INFO  no build target found for C:\Users\USER\Downloads\quiz-app\src\main\java\config\SecurityConfig.java. Using fallback presentation compiler.
2026.10.03 15:33:18 INFO  no build target found for C:\Users\USER\Downloads\quiz-app\src\main\java\config\SecurityConfig.java. Using fallback presentation compiler.
2026.10.03 15:33:19 INFO  no build target found for C:\Users\USER\Downloads\quiz-app\src\main\java\config\SecurityConfig.java. Using fallback presentation compiler.
2026.10.03 15:33:20 INFO  no build target found for C:\Users\USER\Downloads\quiz-app\src\main\java\config\SecurityConfig.java. Using fallback presentation compiler.
2026.10.03 15:33:20 INFO  no build target found for C:\Users\USER\Downloads\quiz-app\src\main\java\config\SecurityConfig.java. Using fallback presentation compiler.
2026.10.03 15:33:20 INFO  no build target found for C:\Users\USER\Downloads\quiz-app\src\main\java\config\SecurityConfig.java. Using fallback presentation compiler.
2026.10.03 15:33:20 INFO  no build target found for C:\Users\USER\Downloads\quiz-app\src\main\java\config\SecurityConfig.java. Using fallback presentation compiler.
2026.10.03 15:33:20 INFO  no build target found for C:\Users\USER\Downloads\quiz-app\src\main\java\config\SecurityConfig.java. Using fallback presentation compiler.
2026.10.03 15:33:20 INFO  no build target found for C:\Users\USER\Downloads\quiz-app\src\main\java\config\SecurityConfig.java. Using fallback presentation compiler.
2026.10.03 15:33:21 INFO  no build target found for C:\Users\USER\Downloads\quiz-app\src\main\java\config\SecurityConfig.java. Using fallback presentation compiler.
2026.10.03 15:33:21 INFO  no build target found for C:\Users\USER\Downloads\quiz-app\src\main\java\config\SecurityConfig.java. Using fallback presentation compiler.
2026.10.03 15:33:21 INFO  no build target found for C:\Users\USER\Downloads\quiz-app\src\main\java\config\SecurityConfig.java. Using fallback presentation compiler.
2026.10.03 15:33:23 INFO  no build target found for C:\Users\USER\Downloads\quiz-app\src\main\java\config\SecurityConfig.java. Using fallback presentation compiler.
2026.10.03 15:33:23 INFO  no build target found for C:\Users\USER\Downloads\quiz-app\src\main\java\config\SecurityConfig.java. Using fallback presentation compiler.
2026.10.03 15:33:23 INFO  no build target found for C:\Users\USER\Downloads\quiz-app\src\main\java\config\SecurityConfig.java. Using fallback presentation compiler.
2026.10.03 15:33:23 INFO  no build target found for C:\Users\USER\Downloads\quiz-app\src\main\java\config\SecurityConfig.java. Using fallback presentation compiler.
2026.10.03 15:33:25 INFO  no build target found for C:\Users\USER\Downloads\quiz-app\src\main\java\config\SecurityConfig.java. Using fallback presentation compiler.
2026.10.03 15:33:25 INFO  no build target found for C:\Users\USER\Downloads\quiz-app\src\main\java\config\SecurityConfig.java. Using fallback presentation compiler.
2026.10.03 15:33:25 INFO  no build target found for C:\Users\USER\Downloads\quiz-app\src\main\java\config\SecurityConfig.java. Using fallback presentation compiler.
2026.10.03 15:33:25 INFO  no build target found for C:\Users\USER\Downloads\quiz-app\src\main\java\config\SecurityConfig.java. Using fallback presentation compiler.
2026.10.03 15:33:25 INFO  no build target found for C:\Users\USER\Downloads\quiz-app\src\main\java\config\SecurityConfig.java. Using fallback presentation compiler.
2026.10.03 15:33:28 INFO  no build target found for C:\Users\USER\Downloads\quiz-app\src\main\java\config\SecurityConfig.java. Using fallback presentation compiler.
2026.10.03 15:33:28 INFO  no build target found for C:\Users\USER\Downloads\quiz-app\src\main\java\config\SecurityConfig.java. Using fallback presentation compiler.
2026.10.03 15:33:28 INFO  no build target found for C:\Users\USER\Downloads\quiz-app\src\main\java\config\SecurityConfig.java. Using fallback presentation compiler.
2026.10.03 15:33:28 INFO  no build target found for C:\Users\USER\Downloads\quiz-app\src\main\java\config\SecurityConfig.java. Using fallback presentation compiler.
2026.10.03 15:33:30 INFO  no build target found for C:\Users\USER\Downloads\quiz-app\src\main\java\config\SecurityConfig.java. Using fallback presentation compiler.
2026.10.03 15:33:30 INFO  no build target found for C:\Users\USER\Downloads\quiz-app\src\main\java\config\SecurityConfig.java. Using fallback presentation compiler.
2026.10.03 15:33:30 INFO  no build target found for C:\Users\USER\Downloads\quiz-app\src\main\java\config\SecurityConfig.java. Using fallback presentation compiler.
2026.10.03 15:33:30 INFO  no build target found for C:\Users\USER\Downloads\quiz-app\src\main\java\config\SecurityConfig.java. Using fallback presentation compiler.
2026.10.03 15:33:30 INFO  no build target found for C:\Users\USER\Downloads\quiz-app\src\main\java\config\SecurityConfig.java. Using fallback presentation compiler.
2026.10.03 15:33:31 INFO  no build target found for C:\Users\USER\Downloads\quiz-app\src\main\java\config\SecurityConfig.java. Using fallback presentation compiler.
2026.10.03 15:33:31 INFO  no build target found for C:\Users\USER\Downloads\quiz-app\src\main\java\config\SecurityConfig.java. Using fallback presentation compiler.
2026.10.03 15:33:32 INFO  no build target found for C:\Users\USER\Downloads\quiz-app\src\main\java\config\SecurityConfig.java. Using fallback presentation compiler.
2026.10.03 15:33:31 INFO  no build target found for C:\Users\USER\Downloads\quiz-app\src\main\java\config\SecurityConfig.java. Using fallback presentation compiler.
2026.10.03 15:33:31 INFO  no build target found for C:\Users\USER\Downloads\quiz-app\src\main\java\config\SecurityConfig.java. Using fallback presentation compiler.
2026.10.03 15:33:32 INFO  no build target found for C:\Users\USER\Downloads\quiz-app\src\main\java\config\SecurityConfig.java. Using fallback presentation compiler.
2026.10.03 15:33:33 INFO  no build target found for C:\Users\USER\Downloads\quiz-app\src\main\java\config\SecurityConfig.java. Using fallback presentation compiler.
2026.10.03 15:33:32 INFO  no build target found for C:\Users\USER\Downloads\quiz-app\src\main\java\config\SecurityConfig.java. Using fallback presentation compiler.
2026.10.03 15:33:32 INFO  no build target found for C:\Users\USER\Downloads\quiz-app\src\main\java\config\SecurityConfig.java. Using fallback presentation compiler.
2026.10.03 15:33:35 INFO  no build target found for C:\Users\USER\Downloads\quiz-app\src\main\java\config\SecurityConfig.java. Using fallback presentation compiler.
2026.10.03 15:33:35 INFO  no build target found for C:\Users\USER\Downloads\quiz-app\src\main\java\config\SecurityConfig.java. Using fallback presentation compiler.
2026.10.03 15:33:36 INFO  no build target found for C:\Users\USER\Downloads\quiz-app\src\main\java\config\SecurityConfig.java. Using fallback presentation compiler.
2026.10.03 15:33:35 INFO  no build target found for C:\Users\USER\Downloads\quiz-app\src\main\java\config\SecurityConfig.java. Using fallback presentation compiler.
2026.10.03 15:33:37 INFO  no build target found for C:\Users\USER\Downloads\quiz-app\src\main\java\config\SecurityConfig.java. Using fallback presentation compiler.
2026.10.03 15:33:37 INFO  no build target found for C:\Users\USER\Downloads\quiz-app\src\main\java\config\SecurityConfig.java. Using fallback presentation compiler.
2026.10.03 15:33:37 INFO  no build target found for C:\Users\USER\Downloads\quiz-app\src\main\java\config\SecurityConfig.java. Using fallback presentation compiler.
2026.10.03 15:33:39 INFO  no build target found for C:\Users\USER\Downloads\quiz-app\src\main\java\config\SecurityConfig.java. Using fallback presentation compiler.
2026.10.03 15:33:39 INFO  no build target found for C:\Users\USER\Downloads\quiz-app\src\main\java\config\SecurityConfig.java. Using fallback presentation compiler.
2026.10.03 15:33:39 INFO  no build target found for C:\Users\USER\Downloads\quiz-app\src\main\java\config\SecurityConfig.java. Using fallback presentation compiler.
2026.10.03 15:33:40 INFO  no build target found for C:\Users\USER\Downloads\quiz-app\src\main\java\config\SecurityConfig.java. Using fallback presentation compiler.
2026.10.03 15:33:40 INFO  no build target found for C:\Users\USER\Downloads\quiz-app\src\main\java\config\SecurityConfig.java. Using fallback presentation compiler.
2026.10.03 15:33:40 INFO  no build target found for C:\Users\USER\Downloads\quiz-app\src\main\java\config\SecurityConfig.java. Using fallback presentation compiler.
2026.10.03 15:33:43 INFO  no build target found for C:\Users\USER\Downloads\quiz-app\src\main\java\config\SecurityConfig.java. Using fallback presentation compiler.
2026.10.03 15:33:43 INFO  no build target found for C:\Users\USER\Downloads\quiz-app\src\main\java\config\SecurityConfig.java. Using fallback presentation compiler.
2026.10.03 15:33:49 INFO  no build target found for C:\Users\USER\Downloads\quiz-app\src\main\java\config\SecurityConfig.java. Using fallback presentation compiler.
2026.10.03 15:33:52 INFO  no build target found for C:\Users\USER\Downloads\quiz-app\src\main\java\config\SecurityConfig.java. Using fallback presentation compiler.
2026.10.03 15:33:56 INFO  no build target found for C:\Users\USER\Downloads\quiz-app\src\main\java\config\SecurityConfig.java. Using fallback presentation compiler.
2026.10.03 15:33:56 INFO  no build target found for C:\Users\USER\Downloads\quiz-app\src\main\java\config\SecurityConfig.java. Using fallback presentation compiler.
2026.10.03 15:33:59 INFO  no build target found for C:\Users\USER\Downloads\quiz-app\src\main\java\config\SecurityConfig.java. Using fallback presentation compiler.
2026.10.03 15:33:59 INFO  no build target found for C:\Users\USER\Downloads\quiz-app\src\main\java\config\SecurityConfig.java. Using fallback presentation compiler.
2026.10.03 15:33:59 INFO  no build target found for C:\Users\USER\Downloads\quiz-app\src\main\java\config\SecurityConfig.java. Using fallback presentation compiler.
2026.10.03 15:34:00 INFO  no build target found for C:\Users\USER\Downloads\quiz-app\src\main\java\config\SecurityConfig.java. Using fallback presentation compiler.
2026.10.03 15:34:49 INFO  no build target found for C:\Users\USER\Downloads\quiz-app\src\main\java\config\SecurityConfig.java. Using fallback presentation compiler.
2026.10.03 15:34:51 INFO  no build target found for C:\Users\USER\Downloads\quiz-app\src\main\java\config\SecurityConfig.java. Using fallback presentation compiler.
2026.10.03 15:34:51 INFO  no build target found for C:\Users\USER\Downloads\quiz-app\src\main\java\config\SecurityConfig.java. Using fallback presentation compiler.
2026.10.03 15:34:53 INFO  no build target found for C:\Users\USER\Downloads\quiz-app\src\main\java\config\SecurityConfig.java. Using fallback presentation compiler.
2026.10.03 15:34:53 INFO  no build target found for C:\Users\USER\Downloads\quiz-app\src\main\java\config\SecurityConfig.java. Using fallback presentation compiler.
2026.10.03 15:34:53 INFO  no build target found for C:\Users\USER\Downloads\quiz-app\src\main\java\config\SecurityConfig.java. Using fallback presentation compiler.
2026.10.03 15:34:53 INFO  no build target found for C:\Users\USER\Downloads\quiz-app\src\main\java\config\SecurityConfig.java. Using fallback presentation compiler.
2026.10.03 15:34:54 INFO  no build target found for C:\Users\USER\Downloads\quiz-app\src\main\java\config\SecurityConfig.java. Using fallback presentation compiler.
2026.10.03 15:35:07 INFO  no build target found for c:\Users\USER\Downloads\quiz-app\src\main\java\config\SecurityConfig.java. Using fallback presentation compiler.
2026.10.03 15:35:07 INFO  no build target found for C:\Users\USER\Downloads\quiz-app\src\main\java\config\Security.java. Using fallback presentation compiler.
2026.10.03 15:35:07 INFO  no build target found for C:\Users\USER\Downloads\quiz-app\src\main\java\config\Security.java. Using fallback presentation compiler.
2026.10.03 15:35:07 INFO  no build target found for C:\Users\USER\Downloads\quiz-app\src\main\java\config\Security.java. Using fallback presentation compiler.
2026.10.03 15:35:07 INFO  no build target found for C:\Users\USER\Downloads\quiz-app\src\main\java\config\Security.java. Using fallback presentation compiler.
2026.10.03 15:35:08 INFO  no build target found for C:\Users\USER\Downloads\quiz-app\src\main\java\config\Security.java. Using fallback presentation compiler.
2026.10.03 15:35:12 INFO  no build target found for C:\Users\USER\Downloads\quiz-app\src\main\java\config\Security.java. Using fallback presentation compiler.
2026.10.03 15:35:12 INFO  no build target found for C:\Users\USER\Downloads\quiz-app\src\main\java\config\Security.java. Using fallback presentation compiler.
2026.10.03 15:35:12 INFO  no build target found for C:\Users\USER\Downloads\quiz-app\src\main\java\config\Security.java. Using fallback presentation compiler.
2026.10.03 15:35:24 WARN  no build target for: C:\Users\USER\Downloads\quiz-app\src\main\java\config\Security.java
2026.10.03 15:35:24 INFO  no build target found for C:\Users\USER\Downloads\quiz-app\src\main\java\config\Security.java. Using fallback presentation compiler.
2026.10.03 15:35:24 WARN  no build target for: C:\Users\USER\Downloads\quiz-app\src\main\java\repository\UserRepository.java
2026.10.03 15:35:24 WARN  no build target for: C:\Users\USER\Downloads\quiz-app\src\main\java\dto\Authrequest.java
2026.10.03 15:35:24 WARN  no build target for: C:\Users\USER\Downloads\quiz-app\src\main\java\service\UserService.java
2026.10.03 15:35:25 WARN  no build target for: C:\Users\USER\Downloads\quiz-app\src\main\java\controller\AuthController.java
2026.10.03 15:35:25 WARN  no build target for: C:\Users\USER\Downloads\quiz-app\src\main\java\dto\Authresponse.java
2026.10.03 15:35:25 WARN  no build target for: C:\Users\USER\Downloads\quiz-app\src\main\java\com\example\quiz_app\entity\User.java
2026.10.03 15:35:25 INFO  no build target found for C:\Users\USER\Downloads\quiz-app\src\main\java\config\Security.java. Using fallback presentation compiler.
2026.10.03 15:35:25 INFO  no build target found for C:\Users\USER\Downloads\quiz-app\src\main\java\config\Security.java. Using fallback presentation compiler.
2026.10.03 15:35:26 WARN  no build target for: C:\Users\USER\Downloads\quiz-app\src\main\java\config\Security.java
2026.10.03 15:35:26 INFO  no build target found for C:\Users\USER\Downloads\quiz-app\src\main\java\config\Security.java. Using fallback presentation compiler.
2026.10.03 15:35:27 INFO  no build target found for C:\Users\USER\Downloads\quiz-app\src\main\java\config\Security.java. Using fallback presentation compiler.
2026.10.03 15:36:13 INFO  no build target found for C:\Users\USER\Downloads\quiz-app\src\main\java\config\Security.java. Using fallback presentation compiler.
2026.10.03 15:36:13 INFO  no build target found for C:\Users\USER\Downloads\quiz-app\src\main\java\config\Security.java. Using fallback presentation compiler.
2026.10.03 15:36:14 INFO  no build target found for C:\Users\USER\Downloads\quiz-app\src\main\java\config\Security.java. Using fallback presentation compiler.
2026.10.03 15:36:14 INFO  no build target found for C:\Users\USER\Downloads\quiz-app\src\main\java\config\Security.java. Using fallback presentation compiler.
2026.10.03 15:36:23 WARN  no build target for: C:\Users\USER\Downloads\quiz-app\src\main\java\config\Security.java
2026.10.03 15:36:23 INFO  no build target found for C:\Users\USER\Downloads\quiz-app\src\main\java\config\Security.java. Using fallback presentation compiler.
2026.10.03 15:36:23 INFO  no build target found for C:\Users\USER\Downloads\quiz-app\src\main\java\config\Security.java. Using fallback presentation compiler.
2026.10.03 15:36:36 INFO  no build target found for C:\Users\USER\Downloads\quiz-app\src\main\java\controller\AuthController.java. Using fallback presentation compiler.
2026.10.03 15:36:37 INFO  no build target found for C:\Users\USER\Downloads\quiz-app\src\main\java\service\UserService.java. Using fallback presentation compiler.
2026.10.03 15:38:01 INFO  no build target found for C:\Users\USER\Downloads\quiz-app\src\main\java\config\Security.java. Using fallback presentation compiler.
2026.10.03 15:38:01 WARN  no build target for: C:\Users\USER\Downloads\quiz-app\src\main\java\config\Security.java
2026.10.03 15:38:01 INFO  no build target found for C:\Users\USER\Downloads\quiz-app\src\main\java\config\Security.java. Using fallback presentation compiler.
2026.10.03 15:38:01 INFO  no build target found for C:\Users\USER\Downloads\quiz-app\src\main\java\config\Security.java. Using fallback presentation compiler.
2026.10.03 15:38:01 INFO  no build target found for C:\Users\USER\Downloads\quiz-app\src\main\java\config\Security.java. Using fallback presentation compiler.
2026.10.03 15:38:01 INFO  no build target found for C:\Users\USER\Downloads\quiz-app\src\main\java\config\Security.java. Using fallback presentation compiler.
2026.10.03 15:38:03 INFO  no build target found for C:\Users\USER\Downloads\quiz-app\src\main\java\dto\Authrequest.java. Using fallback presentation compiler.
2026.10.03 15:38:03 WARN  no build target for: C:\Users\USER\Downloads\quiz-app\src\main\java\dto\Authrequest.java
2026.10.03 15:38:03 INFO  no build target found for C:\Users\USER\Downloads\quiz-app\src\main\java\dto\Authrequest.java. Using fallback presentation compiler.
2026.10.03 15:38:03 INFO  no build target found for C:\Users\USER\Downloads\quiz-app\src\main\java\dto\Authrequest.java. Using fallback presentation compiler.
2026.10.03 15:38:03 INFO  no build target found for C:\Users\USER\Downloads\quiz-app\src\main\java\dto\Authrequest.java. Using fallback presentation compiler.
2026.10.03 15:38:07 INFO  no build target found for C:\Users\USER\Downloads\quiz-app\src\main\java\config\Security.java. Using fallback presentation compiler.
2026.10.03 15:38:07 WARN  no build target for: C:\Users\USER\Downloads\quiz-app\src\main\java\config\Security.java
2026.10.03 15:38:07 INFO  no build target found for C:\Users\USER\Downloads\quiz-app\src\main\java\config\Security.java. Using fallback presentation compiler.
2026.10.03 15:38:07 INFO  no build target found for C:\Users\USER\Downloads\quiz-app\src\main\java\config\Security.java. Using fallback presentation compiler.
2026.10.03 15:38:07 INFO  no build target found for C:\Users\USER\Downloads\quiz-app\src\main\java\config\Security.java. Using fallback presentation compiler.
2026.10.03 15:38:07 INFO  no build target found for C:\Users\USER\Downloads\quiz-app\src\main\java\config\Security.java. Using fallback presentation compiler.
2026.10.03 15:38:08 INFO  no build target found for C:\Users\USER\Downloads\quiz-app\src\main\java\config\Security.java. Using fallback presentation compiler.
2026.10.03 15:38:08 INFO  no build target found for C:\Users\USER\Downloads\quiz-app\src\main\java\config\Security.java. Using fallback presentation compiler.
2026.10.03 15:38:08 INFO  no build target found for C:\Users\USER\Downloads\quiz-app\src\main\java\config\Security.java. Using fallback presentation compiler.
2026.10.03 15:38:10 INFO  no build target found for C:\Users\USER\Downloads\quiz-app\src\main\java\config\Security.java. Using fallback presentation compiler.
2026.10.03 15:38:10 INFO  no build target found for C:\Users\USER\Downloads\quiz-app\src\main\java\config\Security.java. Using fallback presentation compiler.
2026.10.03 15:38:17 INFO  no build target found for C:\Users\USER\Downloads\quiz-app\src\main\java\repository\UserRepository.java. Using fallback presentation compiler.
2026.10.03 15:38:17 WARN  no build target for: C:\Users\USER\Downloads\quiz-app\src\main\java\repository\UserRepository.java
2026.10.03 15:38:17 INFO  no build target found for C:\Users\USER\Downloads\quiz-app\src\main\java\repository\UserRepository.java. Using fallback presentation compiler.
2026.10.03 15:38:17 INFO  no build target found for C:\Users\USER\Downloads\quiz-app\src\main\java\repository\UserRepository.java. Using fallback presentation compiler.
2026.10.03 15:38:23 INFO  no build target found for C:\Users\USER\Downloads\quiz-app\src\main\java\repository\UserRepository.java. Using fallback presentation compiler.
2026.10.03 15:38:23 WARN  no build target for: C:\Users\USER\Downloads\quiz-app\src\main\java\config\Security.java
2026.10.03 15:38:23 INFO  no build target found for C:\Users\USER\Downloads\quiz-app\src\main\java\config\Security.java. Using fallback presentation compiler.
2026.10.03 15:38:23 INFO  no build target found for C:\Users\USER\Downloads\quiz-app\src\main\java\dto\Authrequest.java. Using fallback presentation compiler.
2026.10.03 15:38:24 INFO  no build target found for C:\Users\USER\Downloads\quiz-app\src\main\java\dto\Authresponse.java. Using fallback presentation compiler.
2026.10.03 15:38:24 INFO  no build target found for C:\Users\USER\Downloads\quiz-app\src\main\java\service\UserService.java. Using fallback presentation compiler.
2026.10.03 15:38:24 WARN  no build target for: C:\Users\USER\Downloads\quiz-app\src\main\java\service\UserService.java
2026.10.03 15:38:24 INFO  no build target found for C:\Users\USER\Downloads\quiz-app\src\main\java\service\UserService.java. Using fallback presentation compiler.
2026.10.03 15:38:24 INFO  no build target found for C:\Users\USER\Downloads\quiz-app\src\main\java\service\UserService.java. Using fallback presentation compiler.
2026.10.03 15:38:24 INFO  no build target found for C:\Users\USER\Downloads\quiz-app\src\main\java\service\UserService.java. Using fallback presentation compiler.
2026.10.03 15:38:25 INFO  no build target found for C:\Users\USER\Downloads\quiz-app\src\main\java\service\UserService.java. Using fallback presentation compiler.
2026.10.03 15:38:25 WARN  no build target for: C:\Users\USER\Downloads\quiz-app\src\main\java\config\Security.java
2026.10.03 15:38:24 INFO  no build target found for C:\Users\USER\Downloads\quiz-app\src\main\java\config\Security.java. Using fallback presentation compiler.
2026.10.03 15:38:27 WARN  no build target for: C:\Users\USER\Downloads\quiz-app\src\main\java\config\Security.java
2026.10.03 15:38:27 INFO  no build target found for C:\Users\USER\Downloads\quiz-app\src\main\java\config\Security.java. Using fallback presentation compiler.
2026.10.03 15:38:29 INFO  no build target found for C:\Users\USER\Downloads\quiz-app\src\main\java\controller\AuthController.java. Using fallback presentation compiler.
2026.10.03 15:38:36 INFO  no build target found for C:\Users\USER\Downloads\quiz-app\src\main\java\controller\AuthController.java. Using fallback presentation compiler.
2026.10.03 15:38:53 WARN  no build target for: C:\Users\USER\Downloads\quiz-app\src\main\java\config\Security.java
2026.10.03 15:38:53 WARN  Running javac-semanticdb failed for file:///C:/Users/USER/Downloads/quiz-app/src/main/java/config/Security.java. Output:

2026.10.03 15:39:48 INFO  no build target found for C:\Users\USER\Downloads\quiz-app\src\main\java\controller\AuthController.java. Using fallback presentation compiler.
2026.10.03 15:39:48 INFO  no build target found for C:\Users\USER\Downloads\quiz-app\src\main\java\repository\UserRepository.java. Using fallback presentation compiler.
2026.10.03 15:39:48 INFO  no build target found for C:\Users\USER\Downloads\quiz-app\src\main\java\repository\UserRepository.java. Using fallback presentation compiler.
2026.10.03 15:39:48 INFO  no build target found for C:\Users\USER\Downloads\quiz-app\src\main\java\repository\UserRepository.java. Using fallback presentation compiler.
2026.10.03 15:39:48 INFO  no build target found for C:\Users\USER\Downloads\quiz-app\src\main\java\repository\UserRepository.java. Using fallback presentation compiler.
2026.10.03 15:39:55 INFO  no build target found for C:\Users\USER\Downloads\quiz-app\src\main\java\repository\UserRepository.java. Using fallback presentation compiler.
2026.10.03 15:39:55 INFO  no build target found for C:\Users\USER\Downloads\quiz-app\src\main\java\service\UserService.java. Using fallback presentation compiler.
2026.10.03 15:39:55 INFO  no build target found for C:\Users\USER\Downloads\quiz-app\src\main\java\service\UserService.java. Using fallback presentation compiler.
2026.10.03 15:39:55 INFO  no build target found for C:\Users\USER\Downloads\quiz-app\src\main\java\service\UserService.java. Using fallback presentation compiler.
2026.10.03 15:39:55 INFO  no build target found for C:\Users\USER\Downloads\quiz-app\src\main\java\service\UserService.java. Using fallback presentation compiler.
2026.10.03 15:39:55 INFO  no build target found for C:\Users\USER\Downloads\quiz-app\src\main\java\service\UserService.java. Using fallback presentation compiler.
2026.10.03 15:39:56 INFO  no build target found for C:\Users\USER\Downloads\quiz-app\src\main\java\service\UserService.java. Using fallback presentation compiler.
2026.10.03 15:40:14 INFO  Shutting down server
2026.10.03 15:40:14 INFO  Memory monitor stopped
2026.10.03 15:40:14 INFO  shutting down Metals
2026.10.03 15:40:14 INFO  Exiting server
2026.10.03 15:40:35 INFO  Started: Metals version 1.6.9 in folders 'C:\Users\USER\Downloads\quiz-app' for client Visual Studio Code 1.140.0.
2026.10.03 15:40:35 INFO  Memory monitor started
2026.10.03 15:40:35 WARN  Using H2 2.5.250 which is newer than the version Flyway has been verified with. The latest verified version of H2 is 2.3.232.
2026.10.03 15:40:36 INFO  no build target found for C:\Users\USER\Downloads\quiz-app\src\main\java\service\UserService.java. Using fallback presentation compiler.
2026.10.03 15:40:36 INFO  no build target found for C:\Users\USER\Downloads\quiz-app\src\main\java\service\UserService.java. Using fallback presentation compiler.
2026.10.03 15:40:40 INFO  no build target found for C:\Users\USER\Downloads\quiz-app\src\main\java\service\UserService.java. Using fallback presentation compiler.
Oct 03, 2026 3:40:43 PM org.eclipse.lsp4j.jsonrpc.services.GenericEndpoint notify
INFO: Unsupported notification method: $/setTrace
2026.10.03 15:40:43 INFO  no build target found for C:\Users\USER\Downloads\quiz-app\src\main\java\service\UserService.java. Using fallback presentation compiler.
2026.10.03 15:40:43 INFO  no build target found for C:\Users\USER\Downloads\quiz-app\src\main\java\service\UserService.java. Using fallback presentation compiler.
2026.10.03 15:40:45 INFO  no build target found for C:\Users\USER\Downloads\quiz-app\src\main\java\service\UserService.java. Using fallback presentation compiler.
2026.10.03 15:40:45 INFO  no build target found for C:\Users\USER\Downloads\quiz-app\src\main\java\service\UserService.java. Using fallback presentation compiler.
2026.10.03 15:40:45 INFO  no build target found for C:\Users\USER\Downloads\quiz-app\src\main\java\service\UserService.java. Using fallback presentation compiler.
2026.10.03 15:40:47 INFO  no build target found for C:\Users\USER\Downloads\quiz-app\src\main\java\service\UserService.java. Using fallback presentation compiler.
2026.10.03 15:40:48 INFO  no build target found for C:\Users\USER\Downloads\quiz-app\src\main\java\service\UserService.java. Using fallback presentation compiler.
2026.10.03 15:40:54 INFO  no build target found for C:\Users\USER\Downloads\quiz-app\src\main\java\service\UserService.java. Using fallback presentation compiler.
2026.10.03 15:40:54 INFO  no build target found for C:\Users\USER\Downloads\quiz-app\src\main\java\controller\AuthController.java. Using fallback presentation compiler.
2026.10.03 15:40:54 INFO  no build target found for C:\Users\USER\Downloads\quiz-app\src\main\java\controller\AuthController.java. Using fallback presentation compiler.
2026.10.03 15:40:54 INFO  no build target found for C:\Users\USER\Downloads\quiz-app\src\main\java\controller\AuthController.java. Using fallback presentation compiler.
2026.10.03 15:40:54 INFO  no build target found for C:\Users\USER\Downloads\quiz-app\src\main\java\controller\AuthController.java. Using fallback presentation compiler.
2026.10.03 15:41:20 INFO  no build target found for C:\Users\USER\Downloads\quiz-app\src\main\java\controller\AuthController.java. Using fallback presentation compiler.
2026.10.03 15:41:22 INFO  no build target found for C:\Users\USER\Downloads\quiz-app\src\main\java\controller\AuthController.java. Using fallback presentation compiler.
2026.10.03 15:41:22 INFO  no build target found for C:\Users\USER\Downloads\quiz-app\src\main\java\controller\AuthController.java. Using fallback presentation compiler.
2026.10.03 15:41:22 INFO  no build target found for C:\Users\USER\Downloads\quiz-app\src\main\java\controller\AuthController.java. Using fallback presentation compiler.
2026.10.03 15:41:29 WARN  no build target for: C:\Users\USER\Downloads\quiz-app\src\main\java\controller\AuthController.java
2026.10.03 15:41:29 INFO  no build target found for C:\Users\USER\Downloads\quiz-app\src\main\java\controller\AuthController.java. Using fallback presentation compiler.
2026.10.03 15:41:30 INFO  no build target found for C:\Users\USER\Downloads\quiz-app\src\main\java\controller\AuthController.java. Using fallback presentation compiler.
2026.10.03 15:42:44 INFO  no build target found for C:\Users\USER\Downloads\quiz-app\src\main\java\controller\AuthController.java. Using fallback presentation compiler.
2026.10.03 15:42:44 INFO  no build target found for C:\Users\USER\Downloads\quiz-app\src\main\java\service\UserService.java. Using fallback presentation compiler.
2026.10.03 15:42:44 INFO  no build target found for C:\Users\USER\Downloads\quiz-app\src\main\java\service\UserService.java. Using fallback presentation compiler.
2026.10.03 15:42:44 INFO  no build target found for C:\Users\USER\Downloads\quiz-app\src\main\java\service\UserService.java. Using fallback presentation compiler.
2026.10.03 15:42:44 INFO  no build target found for C:\Users\USER\Downloads\quiz-app\src\main\java\service\UserService.java. Using fallback presentation compiler.
2026.10.03 15:42:44 INFO  no build target found for C:\Users\USER\Downloads\quiz-app\src\main\java\service\UserService.java. Using fallback presentation compiler.
2026.10.03 15:43:00 INFO  no build target found for C:\Users\USER\Downloads\quiz-app\src\main\java\service\UserService.java. Using fallback presentation compiler.
2026.10.03 15:43:00 INFO  no build target found for C:\Users\USER\Downloads\quiz-app\src\main\java\controller\AuthController.java. Using fallback presentation compiler.
2026.10.03 15:43:00 INFO  no build target found for C:\Users\USER\Downloads\quiz-app\src\main\java\controller\AuthController.java. Using fallback presentation compiler.
2026.10.03 15:43:00 INFO  no build target found for C:\Users\USER\Downloads\quiz-app\src\main\java\controller\AuthController.java. Using fallback presentation compiler.
2026.10.03 15:43:00 INFO  no build target found for C:\Users\USER\Downloads\quiz-app\src\main\java\controller\AuthController.java. Using fallback presentation compiler.
2026.10.03 15:43:38 INFO  no build target found for C:\Users\USER\Downloads\quiz-app\src\main\java\controller\AuthController.java. Using fallback presentation compiler.
2026.10.03 15:43:38 INFO  no build target found for C:\Users\USER\Downloads\quiz-app\src\main\java\controller\AuthController.java. Using fallback presentation compiler.
2026.10.03 15:43:38 INFO  no build target found for C:\Users\USER\Downloads\quiz-app\src\main\java\controller\AuthController.java. Using fallback presentation compiler.
2026.10.03 15:43:39 INFO  no build target found for C:\Users\USER\Downloads\quiz-app\src\main\java\controller\AuthController.java. Using fallback presentation compiler.
2026.10.03 15:43:41 INFO  no build target found for C:\Users\USER\Downloads\quiz-app\src\main\java\controller\AuthController.java. Using fallback presentation compiler.
2026.10.03 15:43:41 INFO  no build target found for C:\Users\USER\Downloads\quiz-app\src\main\java\controller\AuthController.java. Using fallback presentation compiler.
2026.10.03 15:43:43 INFO  no build target found for C:\Users\USER\Downloads\quiz-app\src\main\java\controller\AuthController.java. Using fallback presentation compiler.
2026.10.03 15:43:43 INFO  no build target found for C:\Users\USER\Downloads\quiz-app\src\main\java\controller\AuthController.java. Using fallback presentation compiler.
Oct 03, 2026 3:43:44 PM org.eclipse.lsp4j.jsonrpc.services.GenericEndpoint notify
INFO: Unsupported notification method: $/setTrace
2026.10.03 15:43:44 INFO  no build target found for C:\Users\USER\Downloads\quiz-app\src\main\java\controller\AuthController.java. Using fallback presentation compiler.
2026.10.03 15:43:44 INFO  no build target found for C:\Users\USER\Downloads\quiz-app\src\main\java\controller\AuthController.java. Using fallback presentation compiler.
2026.10.03 15:43:44 INFO  no build target found for C:\Users\USER\Downloads\quiz-app\src\main\java\controller\AuthController.java. Using fallback presentation compiler.
2026.10.03 15:43:44 INFO  no build target found for C:\Users\USER\Downloads\quiz-app\src\main\java\controller\AuthController.java. Using fallback presentation compiler.
2026.10.03 15:43:44 INFO  no build target found for C:\Users\USER\Downloads\quiz-app\src\main\java\controller\AuthController.java. Using fallback presentation compiler.
2026.10.03 15:43:44 INFO  no build target found for C:\Users\USER\Downloads\quiz-app\src\main\java\controller\AuthController.java. Using fallback presentation compiler.
2026.10.03 15:43:52 INFO  no build target found for C:\Users\USER\Downloads\quiz-app\src\main\java\controller\AuthController.java. Using fallback presentation compiler.
2026.10.03 15:43:52 INFO  no build target found for C:\Users\USER\Downloads\quiz-app\src\main\java\controller\AuthController.java. Using fallback presentation compiler.
2026.10.03 15:43:54 INFO  no build target found for C:\Users\USER\Downloads\quiz-app\src\main\java\controller\AuthController.java. Using fallback presentation compiler.
2026.10.03 15:43:55 INFO  no build target found for C:\Users\USER\Downloads\quiz-app\src\main\java\controller\AuthController.java. Using fallback presentation compiler.
2026.10.03 15:44:09 INFO  no build target found for C:\Users\USER\Downloads\quiz-app\src\main\java\controller\AuthController.java. Using fallback presentation compiler.
2026.10.03 15:44:09 WARN  no build target for: C:\Users\USER\Downloads\quiz-app\src\main\java\controller\AuthController.java
2026.10.03 15:44:09 INFO  no build target found for C:\Users\USER\Downloads\quiz-app\src\main\java\controller\AuthController.java. Using fallback presentation compiler.
2026.10.03 15:44:09 INFO  no build target found for C:\Users\USER\Downloads\quiz-app\src\main\java\controller\AuthController.java. Using fallback presentation compiler.
2026.10.03 15:44:09 INFO  no build target found for C:\Users\USER\Downloads\quiz-app\src\main\java\controller\AuthController.java. Using fallback presentation compiler.
2026.10.03 15:44:09 INFO  no build target found for C:\Users\USER\Downloads\quiz-app\src\main\java\controller\AuthController.java. Using fallback presentation compiler.
2026.10.03 15:44:09 INFO  no build target found for C:\Users\USER\Downloads\quiz-app\src\main\java\controller\AuthController.java. Using fallback presentation compiler.
2026.10.03 15:44:13 WARN  no build target for: C:\Users\USER\Downloads\quiz-app\src\main\java\controller\AuthController.java
2026.10.03 15:44:13 INFO  no build target found for C:\Users\USER\Downloads\quiz-app\src\main\java\controller\AuthController.java. Using fallback presentation compiler.
2026.10.03 15:44:14 INFO  no build target found for C:\Users\USER\Downloads\quiz-app\src\main\java\controller\AuthController.java. Using fallback presentation compiler.
Oct 03, 2026 3:44:20 PM org.eclipse.lsp4j.jsonrpc.services.GenericEndpoint notify
INFO: Unsupported notification method: $/setTrace
2026.10.03 15:44:20 INFO  no build target found for C:\Users\USER\Downloads\quiz-app\src\main\java\controller\AuthController.java. Using fallback presentation compiler.
2026.10.03 15:44:44 WARN  no build target for: C:\Users\USER\Downloads\quiz-app\src\main\java\controller\AuthController.java
2026.10.03 15:44:44 INFO  no build target found for C:\Users\USER\Downloads\quiz-app\src\main\java\controller\AuthController.java. Using fallback presentation compiler.
2026.10.03 15:44:46 INFO  no build target found for C:\Users\USER\Downloads\quiz-app\src\main\java\controller\AuthController.java. Using fallback presentation compiler.
2026.10.03 15:45:42 INFO  no build target found for C:\Users\USER\Downloads\quiz-app\src\main\java\controller\AuthController.java. Using fallback presentation compiler.
2026.10.03 15:45:42 INFO  no build target found for C:\Users\USER\Downloads\quiz-app\src\main\java\controller\AuthController.java. Using fallback presentation compiler.
2026.10.03 15:46:25 INFO  no build target found for C:\Users\USER\Downloads\quiz-app\src\main\java\controller\AuthController.java. Using fallback presentation compiler.
2026.10.03 15:46:26 INFO  no build target found for C:\Users\USER\Downloads\quiz-app\src\main\java\controller\AuthController.java. Using fallback presentation compiler.
2026.10.03 15:46:28 INFO  no build target found for C:\Users\USER\Downloads\quiz-app\src\main\java\controller\AuthController.java. Using fallback presentation compiler.
2026.10.03 15:46:28 INFO  no build target found for C:\Users\USER\Downloads\quiz-app\src\main\java\controller\AuthController.java. Using fallback presentation compiler.
2026.10.03 15:46:30 INFO  no build target found for C:\Users\USER\Downloads\quiz-app\src\main\java\controller\AuthController.java. Using fallback presentation compiler.
2026.10.03 15:46:30 INFO  no build target found for C:\Users\USER\Downloads\quiz-app\src\main\java\controller\AuthController.java. Using fallback presentation compiler.
2026.10.03 15:46:30 INFO  no build target found for C:\Users\USER\Downloads\quiz-app\src\main\java\controller\AuthController.java. Using fallback presentation compiler.
2026.10.03 15:46:30 INFO  no build target found for C:\Users\USER\Downloads\quiz-app\src\main\java\controller\AuthController.java. Using fallback presentation compiler.
2026.10.03 15:46:33 INFO  no build target found for C:\Users\USER\Downloads\quiz-app\src\main\java\controller\AuthController.java. Using fallback presentation compiler.
2026.10.03 15:46:33 INFO  no build target found for C:\Users\USER\Downloads\quiz-app\src\main\java\controller\AuthController.java. Using fallback presentation compiler.
2026.10.03 15:46:37 WARN  no build target for: C:\Users\USER\Downloads\quiz-app\src\main\java\controller\AuthController.java
2026.10.03 15:46:37 INFO  no build target found for C:\Users\USER\Downloads\quiz-app\src\main\java\controller\AuthController.java. Using fallback presentation compiler.
2026.10.03 15:46:38 INFO  no build target found for C:\Users\USER\Downloads\quiz-app\src\main\java\controller\AuthController.java. Using fallback presentation compiler.
2026.10.03 15:46:38 INFO  no build target found for C:\Users\USER\Downloads\quiz-app\src\main\java\controller\AuthController.java. Using fallback presentation compiler.
2026.10.03 15:46:38 INFO  no build target found for C:\Users\USER\Downloads\quiz-app\src\main\java\controller\AuthController.java. Using fallback presentation compiler.
2026.10.03 15:46:40 INFO  no build target found for C:\Users\USER\Downloads\quiz-app\src\main\java\controller\AuthController.java. Using fallback presentation compiler.
2026.10.03 15:46:40 INFO  no build target found for C:\Users\USER\Downloads\quiz-app\src\main\java\controller\AuthController.java. Using fallback presentation compiler.
2026.10.03 15:46:43 INFO  no build target found for C:\Users\USER\Downloads\quiz-app\src\main\java\controller\AuthController.java. Using fallback presentation compiler.
2026.10.03 15:46:47 INFO  no build target found for C:\Users\USER\Downloads\quiz-app\src\main\java\controller\AuthController.java. Using fallback presentation compiler.
2026.10.03 15:46:47 INFO  no build target found for C:\Users\USER\Downloads\quiz-app\src\main\java\controller\AuthController.java. Using fallback presentation compiler.
2026.10.03 15:46:47 INFO  no build target found for C:\Users\USER\Downloads\quiz-app\src\main\java\controller\AuthController.java. Using fallback presentation compiler.
2026.10.03 15:46:47 INFO  no build target found for C:\Users\USER\Downloads\quiz-app\src\main\java\controller\AuthController.java. Using fallback presentation compiler.
2026.10.03 15:46:53 INFO  no build target found for C:\Users\USER\Downloads\quiz-app\src\main\java\controller\AuthController.java. Using fallback presentation compiler.
2026.10.03 15:46:54 INFO  no build target found for C:\Users\USER\Downloads\quiz-app\src\main\java\controller\AuthController.java. Using fallback presentation compiler.
2026.10.03 15:46:56 INFO  no build target found for C:\Users\USER\Downloads\quiz-app\src\main\java\config\Security.java. Using fallback presentation compiler.
2026.10.03 15:47:05 INFO  no build target found for C:\Users\USER\Downloads\quiz-app\src\main\java\controller\AuthController.java. Using fallback presentation compiler.
2026.10.03 15:47:11 INFO  no build target found for C:\Users\USER\Downloads\quiz-app\src\main\java\controller\AuthController.java. Using fallback presentation compiler.
Oct 03, 2026 3:47:12 PM org.eclipse.lsp4j.jsonrpc.RemoteEndpoint handleCancellation
WARNING: Unmatched cancel notification for request id 200
2026.10.03 15:47:11 INFO  no build target found for C:\Users\USER\Downloads\quiz-app\src\main\java\controller\AuthController.java. Using fallback presentation compiler.
2026.10.03 15:47:11 INFO  no build target found for C:\Users\USER\Downloads\quiz-app\src\main\java\controller\AuthController.java. Using fallback presentation compiler.
Oct 03, 2026 3:47:12 PM org.eclipse.lsp4j.jsonrpc.RemoteEndpoint handleCancellation
WARNING: Unmatched cancel notification for request id 202
2026.10.03 15:47:11 INFO  no build target found for C:\Users\USER\Downloads\quiz-app\src\main\java\controller\AuthController.java. Using fallback presentation compiler.
Oct 03, 2026 3:47:12 PM org.eclipse.lsp4j.jsonrpc.RemoteEndpoint handleCancellation
WARNING: Unmatched cancel notification for request id 203
2026.10.03 15:47:11 INFO  no build target found for C:\Users\USER\Downloads\quiz-app\src\main\java\controller\AuthController.java. Using fallback presentation compiler.
Oct 03, 2026 3:47:12 PM org.eclipse.lsp4j.jsonrpc.RemoteEndpoint handleCancellation
WARNING: Unmatched cancel notification for request id 204
2026.10.03 15:47:11 INFO  no build target found for C:\Users\USER\Downloads\quiz-app\src\main\java\controller\AuthController.java. Using fallback presentation compiler.
2026.10.03 15:47:15 INFO  no build target found for C:\Users\USER\Downloads\quiz-app\src\main\java\controller\AuthController.java. Using fallback presentation compiler.
2026.10.03 15:47:15 WARN  no build target for: C:\Users\USER\Downloads\quiz-app\src\main\java\controller\AuthController.java
2026.10.03 15:47:15 INFO  no build target found for C:\Users\USER\Downloads\quiz-app\src\main\java\controller\AuthController.java. Using fallback presentation compiler.
2026.10.03 15:47:15 INFO  no build target found for C:\Users\USER\Downloads\quiz-app\src\main\java\controller\AuthController.java. Using fallback presentation compiler.
2026.10.03 15:47:15 INFO  no build target found for C:\Users\USER\Downloads\quiz-app\src\main\java\controller\AuthController.java. Using fallback presentation compiler.
2026.10.03 15:47:15 INFO  no build target found for C:\Users\USER\Downloads\quiz-app\src\main\java\controller\AuthController.java. Using fallback presentation compiler.
2026.10.03 15:47:18 INFO  no build target found for C:\Users\USER\Downloads\quiz-app\src\main\java\controller\AuthController.java. Using fallback presentation compiler.
2026.10.03 15:47:20 INFO  no build target found for C:\Users\USER\Downloads\quiz-app\src\main\java\controller\AuthController.java. Using fallback presentation compiler.
2026.10.03 15:47:47 INFO  no build target found for C:\Users\USER\Downloads\quiz-app\src\main\java\controller\AuthController.java. Using fallback presentation compiler.
Oct 03, 2026 3:47:47 PM org.eclipse.lsp4j.jsonrpc.RemoteEndpoint handleCancellation
WARNING: Unmatched cancel notification for request id 224
2026.10.03 15:47:48 WARN  no build target for: C:\Users\USER\Downloads\quiz-app\src\main\java\controller\AuthController.java
2026.10.03 15:47:48 INFO  no build target found for C:\Users\USER\Downloads\quiz-app\src\main\java\controller\AuthController.java. Using fallback presentation compiler.
2026.10.03 15:47:49 INFO  no build target found for C:\Users\USER\Downloads\quiz-app\src\main\java\controller\AuthController.java. Using fallback presentation compiler.
2026.10.03 15:47:51 INFO  no build target found for C:\Users\USER\Downloads\quiz-app\src\main\java\controller\AuthController.java. Using fallback presentation compiler.
2026.10.03 15:47:51 INFO  no build target found for C:\Users\USER\Downloads\quiz-app\src\main\java\controller\AuthController.java. Using fallback presentation compiler.
2026.10.03 15:47:53 INFO  no build target found for C:\Users\USER\Downloads\quiz-app\src\main\java\controller\AuthController.java. Using fallback presentation compiler.
2026.10.03 15:47:53 INFO  no build target found for C:\Users\USER\Downloads\quiz-app\src\main\java\controller\AuthController.java. Using fallback presentation compiler.
2026.10.03 15:47:53 INFO  no build target found for C:\Users\USER\Downloads\quiz-app\src\main\java\controller\AuthController.java. Using fallback presentation compiler.
2026.10.03 15:47:53 INFO  no build target found for C:\Users\USER\Downloads\quiz-app\src\main\java\controller\AuthController.java. Using fallback presentation compiler.
2026.10.03 15:47:53 INFO  no build target found for C:\Users\USER\Downloads\quiz-app\src\main\java\controller\AuthController.java. Using fallback presentation compiler.
2026.10.03 15:47:53 INFO  no build target found for C:\Users\USER\Downloads\quiz-app\src\main\java\controller\AuthController.java. Using fallback presentation compiler.
2026.10.03 15:47:56 INFO  no build target found for C:\Users\USER\Downloads\quiz-app\src\main\java\controller\AuthController.java. Using fallback presentation compiler.
2026.10.03 15:47:56 INFO  no build target found for C:\Users\USER\Downloads\quiz-app\src\main\java\controller\AuthController.java. Using fallback presentation compiler.
2026.10.03 15:48:11 INFO  no build target found for C:\Users\USER\Downloads\quiz-app\src\main\java\controller\AuthController.java. Using fallback presentation compiler.
2026.10.03 15:48:11 INFO  no build target found for C:\Users\USER\Downloads\quiz-app\src\main\java\controller\AuthController.java. Using fallback presentation compiler.
2026.10.03 15:48:51 INFO  no build target found for C:\Users\USER\Downloads\quiz-app\src\main\java\controller\AuthController.java. Using fallback presentation compiler.
2026.10.03 15:48:51 INFO  no build target found for C:\Users\USER\Downloads\quiz-app\src\main\java\controller\AuthController.java. Using fallback presentation compiler.
Oct 03, 2026 3:49:08 PM org.eclipse.lsp4j.jsonrpc.services.GenericEndpoint notify
INFO: Unsupported notification method: $/setTrace
2026.10.03 15:49:12 INFO  no build target found for C:\Users\USER\Downloads\quiz-app\src\main\java\repository\UserRepository.java. Using fallback presentation compiler.
2026.10.03 15:49:12 INFO  no build target found for C:\Users\USER\Downloads\quiz-app\src\main\java\repository\UserRepository.java. Using fallback presentation compiler.
2026.10.03 15:49:12 INFO  no build target found for C:\Users\USER\Downloads\quiz-app\src\main\java\repository\UserRepository.java. Using fallback presentation compiler.
2026.10.03 15:49:12 INFO  no build target found for C:\Users\USER\Downloads\quiz-app\src\main\java\repository\UserRepository.java. Using fallback presentation compiler.
2026.10.03 15:49:14 INFO  no build target found for C:\Users\USER\Downloads\quiz-app\src\main\java\service\UserService.java. Using fallback presentation compiler.
2026.10.03 15:49:14 INFO  no build target found for C:\Users\USER\Downloads\quiz-app\src\main\java\service\UserService.java. Using fallback presentation compiler.
2026.10.03 15:49:14 INFO  no build target found for C:\Users\USER\Downloads\quiz-app\src\main\java\service\UserService.java. Using fallback presentation compiler.
2026.10.03 15:49:14 INFO  no build target found for C:\Users\USER\Downloads\quiz-app\src\main\java\service\UserService.java. Using fallback presentation compiler.
2026.10.03 15:49:23 INFO  no build target found for C:\Users\USER\Downloads\quiz-app\src\main\java\service\UserService.java. Using fallback presentation compiler.
2026.10.03 15:49:23 INFO  no build target found for C:\Users\USER\Downloads\quiz-app\src\main\java\service\UserService.java. Using fallback presentation compiler.
2026.10.03 15:49:25 INFO  no build target found for C:\Users\USER\Downloads\quiz-app\src\main\java\service\UserService.java. Using fallback presentation compiler.
2026.10.03 15:49:25 INFO  no build target found for C:\Users\USER\Downloads\quiz-app\src\main\java\service\UserService.java. Using fallback presentation compiler.
2026.10.03 15:49:27 INFO  no build target found for C:\Users\USER\Downloads\quiz-app\src\main\java\service\UserService.java. Using fallback presentation compiler.
2026.10.03 15:49:27 INFO  no build target found for C:\Users\USER\Downloads\quiz-app\src\main\java\service\UserService.java. Using fallback presentation compiler.
2026.10.03 15:49:28 INFO  no build target found for C:\Users\USER\Downloads\quiz-app\src\main\java\service\UserService.java. Using fallback presentation compiler.
2026.10.03 15:49:27 INFO  no build target found for C:\Users\USER\Downloads\quiz-app\src\main\java\service\UserService.java. Using fallback presentation compiler.
2026.10.03 15:49:29 INFO  no build target found for C:\Users\USER\Downloads\quiz-app\src\main\java\service\UserService.java. Using fallback presentation compiler.
2026.10.03 15:49:40 INFO  no build target found for C:\Users\USER\Downloads\quiz-app\src\main\java\service\UserService.java. Using fallback presentation compiler.
2026.10.03 15:49:42 INFO  no build target found for C:\Users\USER\Downloads\quiz-app\src\main\java\service\UserService.java. Using fallback presentation compiler.
2026.10.03 15:49:44 INFO  no build target found for C:\Users\USER\Downloads\quiz-app\src\main\java\service\UserService.java. Using fallback presentation compiler.
2026.10.03 15:49:44 INFO  no build target found for C:\Users\USER\Downloads\quiz-app\src\main\java\service\UserService.java. Using fallback presentation compiler.
2026.10.03 15:49:44 INFO  no build target found for C:\Users\USER\Downloads\quiz-app\src\main\java\service\UserService.java. Using fallback presentation compiler.
2026.10.03 15:49:46 INFO  no build target found for C:\Users\USER\Downloads\quiz-app\src\main\java\service\UserService.java. Using fallback presentation compiler.
2026.10.03 15:49:49 INFO  no build target found for C:\Users\USER\Downloads\quiz-app\src\main\java\controller\AuthController.java. Using fallback presentation compiler.
2026.10.03 15:49:49 WARN  no build target for: C:\Users\USER\Downloads\quiz-app\src\main\java\controller\AuthController.java
2026.10.03 15:49:49 INFO  no build target found for C:\Users\USER\Downloads\quiz-app\src\main\java\controller\AuthController.java. Using fallback presentation compiler.
2026.10.03 15:49:49 INFO  no build target found for C:\Users\USER\Downloads\quiz-app\src\main\java\controller\AuthController.java. Using fallback presentation compiler.
2026.10.03 15:49:49 INFO  no build target found for C:\Users\USER\Downloads\quiz-app\src\main\java\controller\AuthController.java. Using fallback presentation compiler.
2026.10.03 15:49:49 INFO  no build target found for C:\Users\USER\Downloads\quiz-app\src\main\java\controller\AuthController.java. Using fallback presentation compiler.
2026.10.03 15:49:49 INFO  no build target found for C:\Users\USER\Downloads\quiz-app\src\main\java\controller\AuthController.java. Using fallback presentation compiler.
2026.10.03 15:49:55 INFO  no build target found for C:\Users\USER\Downloads\quiz-app\src\main\java\controller\AuthController.java. Using fallback presentation compiler.
2026.10.03 15:49:55 INFO  no build target found for C:\Users\USER\Downloads\quiz-app\src\main\java\controller\AuthController.java. Using fallback presentation compiler.
2026.10.03 15:49:56 INFO  no build target found for C:\Users\USER\Downloads\quiz-app\src\main\java\controller\AuthController.java. Using fallback presentation compiler.
2026.10.03 15:49:56 INFO  no build target found for C:\Users\USER\Downloads\quiz-app\src\main\java\controller\AuthController.java. Using fallback presentation compiler.
2026.10.03 15:49:56 INFO  no build target found for C:\Users\USER\Downloads\quiz-app\src\main\java\controller\AuthController.java. Using fallback presentation compiler.
2026.10.03 15:49:57 INFO  no build target found for C:\Users\USER\Downloads\quiz-app\src\main\java\controller\AuthController.java. Using fallback presentation compiler.
2026.10.03 15:49:57 INFO  no build target found for C:\Users\USER\Downloads\quiz-app\src\main\java\controller\AuthController.java. Using fallback presentation compiler.
2026.10.03 15:49:56 INFO  no build target found for C:\Users\USER\Downloads\quiz-app\src\main\java\controller\AuthController.java. Using fallback presentation compiler.
2026.10.03 15:49:57 INFO  no build target found for C:\Users\USER\Downloads\quiz-app\src\main\java\controller\AuthController.java. Using fallback presentation compiler.
2026.10.03 15:49:57 INFO  no build target found for C:\Users\USER\Downloads\quiz-app\src\main\java\controller\AuthController.java. Using fallback presentation compiler.
2026.10.03 15:49:58 INFO  no build target found for C:\Users\USER\Downloads\quiz-app\src\main\java\controller\AuthController.java. Using fallback presentation compiler.
2026.10.03 15:50:15 INFO  no build target found for C:\Users\USER\Downloads\quiz-app\src\main\java\controller\AuthController.java. Using fallback presentation compiler.
2026.10.03 15:50:15 INFO  no build target found for C:\Users\USER\Downloads\quiz-app\src\main\java\controller\AuthController.java. Using fallback presentation compiler.
2026.10.03 15:50:18 INFO  no build target found for C:\Users\USER\Downloads\quiz-app\src\main\java\controller\AuthController.java. Using fallback presentation compiler.
2026.10.03 15:50:18 INFO  Created report: Optional[file:///C:/Users/USER/Downloads/quiz-app/src/main/java/controller/AuthController.java]
2026.10.03 15:50:18 INFO  empty definition using pc, found symbol in pc: _empty_/RestController# (full report at: "C:\Users\USER\Downloads\quiz-app\.metals\.reports\metals-full\2026-10-03\r_empty-definition_15-50-18-407.md")
2026.10.03 15:51:20 INFO  no build target found for C:\Users\USER\Downloads\quiz-app\src\main\java\com\example\quiz_app\entity\User.java. Using fallback presentation compiler.
2026.10.03 15:51:21 INFO  no build target found for C:\Users\USER\Downloads\quiz-app\src\main\java\com\example\quiz_app\entity\User.java. Using fallback presentation compiler.
2026.10.03 15:51:20 INFO  no build target found for C:\Users\USER\Downloads\quiz-app\src\main\java\com\example\quiz_app\entity\User.java. Using fallback presentation compiler.
2026.10.03 15:51:25 WARN  no build target for: C:\Users\USER\Downloads\quiz-app\src\main\java\config\Security.java
2026.10.03 15:51:25 INFO  no build target found for C:\Users\USER\Downloads\quiz-app\src\main\java\config\Security.java. Using fallback presentation compiler.
2026.10.03 15:51:25 INFO  no build target found for C:\Users\USER\Downloads\quiz-app\src\main\java\controller\AuthController.java. Using fallback presentation compiler.
2026.10.03 15:51:28 INFO  no build target found for C:\Users\USER\Downloads\quiz-app\src\main\java\controller\AuthController.java. Using fallback presentation compiler.
2026.10.03 15:51:28 WARN  no build target for: C:\Users\USER\Downloads\quiz-app\src\main\java\controller\AuthController.java
2026.10.03 15:51:28 INFO  no build target found for C:\Users\USER\Downloads\quiz-app\src\main\java\controller\AuthController.java. Using fallback presentation compiler.
2026.10.03 15:51:28 INFO  no build target found for C:\Users\USER\Downloads\quiz-app\src\main\java\controller\AuthController.java. Using fallback presentation compiler.
2026.10.03 15:52:39 INFO  no build target found for C:\Users\USER\Downloads\quiz-app\src\main\java\controller\AuthController.java. Using fallback presentation compiler.
2026.10.03 15:52:41 INFO  no build target found for C:\Users\USER\Downloads\quiz-app\src\main\java\dto\Authresponse.java. Using fallback presentation compiler.
2026.10.03 15:52:41 INFO  no build target found for C:\Users\USER\Downloads\quiz-app\src\main\java\dto\Authresponse.java. Using fallback presentation compiler.
2026.10.03 15:52:41 INFO  no build target found for C:\Users\USER\Downloads\quiz-app\src\main\java\dto\Authresponse.java. Using fallback presentation compiler.
2026.10.03 15:52:41 INFO  no build target found for C:\Users\USER\Downloads\quiz-app\src\main\java\dto\Authresponse.java. Using fallback presentation compiler.
2026.10.03 15:53:04 INFO  no build target found for C:\Users\USER\Downloads\quiz-app\src\main\java\dto\AuthRequest.java. Using fallback presentation compiler.
2026.10.03 15:53:04 WARN  no build target for: C:\Users\USER\Downloads\quiz-app\src\main\java\dto\AuthRequest.java
2026.10.03 15:53:04 INFO  no build target found for C:\Users\USER\Downloads\quiz-app\src\main\java\controller\AuthController.java. Using fallback presentation compiler.
2026.10.03 15:53:04 INFO  no build target found for C:\Users\USER\Downloads\quiz-app\src\main\java\dto\AuthRequest.java. Using fallback presentation compiler.
2026.10.03 15:53:04 INFO  no build target found for C:\Users\USER\Downloads\quiz-app\src\main\java\dto\AuthRequest.java. Using fallback presentation compiler.
2026.10.03 15:53:04 INFO  no build target found for C:\Users\USER\Downloads\quiz-app\src\main\java\dto\AuthRequest.java. Using fallback presentation compiler.
2026.10.03 15:53:06 INFO  no build target found for C:\Users\USER\Downloads\quiz-app\src\main\java\dto\AuthResponse.java. Using fallback presentation compiler.
2026.10.03 15:53:06 WARN  no build target for: C:\Users\USER\Downloads\quiz-app\src\main\java\dto\AuthResponse.java
2026.10.03 15:53:06 INFO  no build target found for C:\Users\USER\Downloads\quiz-app\src\main\java\controller\AuthController.java. Using fallback presentation compiler.
2026.10.03 15:53:06 INFO  no build target found for C:\Users\USER\Downloads\quiz-app\src\main\java\dto\AuthResponse.java. Using fallback presentation compiler.
2026.10.03 15:53:09 INFO  no build target found for C:\Users\USER\Downloads\quiz-app\src\main\java\dto\AuthResponse.java. Using fallback presentation compiler.
2026.10.03 15:53:09 INFO  no build target found for C:\Users\USER\Downloads\quiz-app\src\main\java\dto\AuthResponse.java. Using fallback presentation compiler.
2026.10.03 15:53:10 INFO  no build target found for C:\Users\USER\Downloads\quiz-app\src\main\java\dto\AuthResponse.java. Using fallback presentation compiler.
2026.10.03 15:53:10 INFO  no build target found for C:\Users\USER\Downloads\quiz-app\src\main\java\dto\AuthResponse.java. Using fallback presentation compiler.
2026.10.03 15:53:11 INFO  no build target found for C:\Users\USER\Downloads\quiz-app\src\main\java\dto\AuthResponse.java. Using fallback presentation compiler.
2026.10.03 15:53:11 INFO  no build target found for C:\Users\USER\Downloads\quiz-app\src\main\java\dto\AuthResponse.java. Using fallback presentation compiler.
2026.10.03 15:53:11 INFO  no build target found for C:\Users\USER\Downloads\quiz-app\src\main\java\dto\AuthResponse.java. Using fallback presentation compiler.
2026.10.03 15:53:35 INFO  no build target found for C:\Users\USER\Downloads\quiz-app\src\main\java\dto\AuthResponse.java. Using fallback presentation compiler.
2026.10.03 15:53:35 INFO  no build target found for C:\Users\USER\Downloads\quiz-app\src\main\java\dto\AuthResponse.java. Using fallback presentation compiler.
2026.10.03 15:53:36 INFO  no build target found for C:\Users\USER\Downloads\quiz-app\src\main\java\dto\AuthResponse.java. Using fallback presentation compiler.
2026.10.03 15:53:39 INFO  no build target found for C:\Users\USER\Downloads\quiz-app\src\main\java\repository\UserRepository.java. Using fallback presentation compiler.
2026.10.03 15:53:39 WARN  no build target for: C:\Users\USER\Downloads\quiz-app\src\main\java\repository\UserRepository.java
2026.10.03 15:53:39 INFO  no build target found for C:\Users\USER\Downloads\quiz-app\src\main\java\repository\UserRepository.java. Using fallback presentation compiler.
2026.10.03 15:53:39 INFO  no build target found for C:\Users\USER\Downloads\quiz-app\src\main\java\controller\AuthController.java. Using fallback presentation compiler.
2026.10.03 15:53:39 INFO  no build target found for C:\Users\USER\Downloads\quiz-app\src\main\java\repository\UserRepository.java. Using fallback presentation compiler.
2026.10.03 15:53:39 INFO  no build target found for C:\Users\USER\Downloads\quiz-app\src\main\java\repository\UserRepository.java. Using fallback presentation compiler.
2026.10.03 15:53:40 INFO  no build target found for C:\Users\USER\Downloads\quiz-app\src\main\java\dto\AuthResponse.java. Using fallback presentation compiler.
2026.10.03 15:53:40 WARN  no build target for: C:\Users\USER\Downloads\quiz-app\src\main\java\dto\AuthResponse.java
2026.10.03 15:53:41 INFO  no build target found for C:\Users\USER\Downloads\quiz-app\src\main\java\controller\AuthController.java. Using fallback presentation compiler.
2026.10.03 15:53:40 INFO  no build target found for C:\Users\USER\Downloads\quiz-app\src\main\java\dto\AuthResponse.java. Using fallback presentation compiler.
2026.10.03 15:53:40 INFO  no build target found for C:\Users\USER\Downloads\quiz-app\src\main\java\dto\AuthResponse.java. Using fallback presentation compiler.
2026.10.03 15:53:40 INFO  no build target found for C:\Users\USER\Downloads\quiz-app\src\main\java\dto\AuthResponse.java. Using fallback presentation compiler.
2026.10.03 15:53:47 INFO  no build target found for C:\Users\USER\Downloads\quiz-app\src\main\java\dto\AuthResponse.java. Using fallback presentation compiler.
2026.10.03 15:53:50 INFO  no build target found for C:\Users\USER\Downloads\quiz-app\src\main\java\dto\AuthResponse.java. Using fallback presentation compiler.
2026.10.03 15:53:50 INFO  no build target found for C:\Users\USER\Downloads\quiz-app\src\main\java\dto\AuthResponse.java. Using fallback presentation compiler.
2026.10.03 15:53:50 INFO  no build target found for C:\Users\USER\Downloads\quiz-app\src\main\java\dto\AuthResponse.java. Using fallback presentation compiler.
2026.10.03 15:53:50 INFO  no build target found for C:\Users\USER\Downloads\quiz-app\src\main\java\dto\AuthResponse.java. Using fallback presentation compiler.
2026.10.03 15:53:51 INFO  no build target found for C:\Users\USER\Downloads\quiz-app\src\main\java\dto\AuthResponse.java. Using fallback presentation compiler.
2026.10.03 15:53:56 INFO  no build target found for C:\Users\USER\Downloads\quiz-app\src\main\java\dto\AuthResponse.java. Using fallback presentation compiler.
2026.10.03 15:53:56 INFO  no build target found for C:\Users\USER\Downloads\quiz-app\src\main\java\dto\AuthResponse.java. Using fallback presentation compiler.
2026.10.03 15:53:56 INFO  no build target found for C:\Users\USER\Downloads\quiz-app\src\main\java\dto\AuthResponse.java. Using fallback presentation compiler.
2026.10.03 15:53:57 INFO  no build target found for C:\Users\USER\Downloads\quiz-app\src\main\java\dto\AuthResponse.java. Using fallback presentation compiler.
2026.10.03 15:53:58 INFO  no build target found for C:\Users\USER\Downloads\quiz-app\src\main\java\dto\AuthResponse.java. Using fallback presentation compiler.
2026.10.03 15:53:58 INFO  no build target found for C:\Users\USER\Downloads\quiz-app\src\main\java\dto\AuthResponse.java. Using fallback presentation compiler.
2026.10.03 15:54:26 INFO  no build target found for C:\Users\USER\Downloads\quiz-app\src\main\java\repository\UserRepository.java. Using fallback presentation compiler.
2026.10.03 15:54:26 WARN  no build target for: C:\Users\USER\Downloads\quiz-app\src\main\java\repository\UserRepository.java
2026.10.03 15:54:26 INFO  no build target found for C:\Users\USER\Downloads\quiz-app\src\main\java\repository\UserRepository.java. Using fallback presentation compiler.
2026.10.03 15:54:27 INFO  no build target found for C:\Users\USER\Downloads\quiz-app\src\main\java\controller\AuthController.java. Using fallback presentation compiler.
2026.10.03 15:54:26 INFO  no build target found for C:\Users\USER\Downloads\quiz-app\src\main\java\repository\UserRepository.java. Using fallback presentation compiler.
2026.10.03 15:54:26 INFO  no build target found for C:\Users\USER\Downloads\quiz-app\src\main\java\repository\UserRepository.java. Using fallback presentation compiler.
2026.10.03 15:54:28 WARN  no build target for: C:\Users\USER\Downloads\quiz-app\src\main\java\dto\AuthResponse.java
2026.10.03 15:54:28 INFO  no build target found for C:\Users\USER\Downloads\quiz-app\src\main\java\dto\AuthResponse.java. Using fallback presentation compiler.
2026.10.03 15:54:28 INFO  no build target found for C:\Users\USER\Downloads\quiz-app\src\main\java\controller\AuthController.java. Using fallback presentation compiler.
2026.10.03 15:55:28 INFO  no build target found for C:\Users\USER\Downloads\quiz-app\src\main\java\dto\AuthResponse.java. Using fallback presentation compiler.
2026.10.03 15:55:28 INFO  no build target found for C:\Users\USER\Downloads\quiz-app\src\main\java\dto\AuthResponse.java. Using fallback presentation compiler.
2026.10.03 15:55:29 INFO  no build target found for C:\Users\USER\Downloads\quiz-app\src\main\java\dto\AuthResponse.java. Using fallback presentation compiler.
2026.10.03 15:55:32 INFO  no build target found for C:\Users\USER\Downloads\quiz-app\src\main\java\dto\AuthResponse.java. Using fallback presentation compiler.
2026.10.03 15:55:32 INFO  no build target found for C:\Users\USER\Downloads\quiz-app\src\main\java\dto\AuthResponse.java. Using fallback presentation compiler.
2026.10.03 15:55:36 WARN  no build target for: C:\Users\USER\Downloads\quiz-app\src\main\java\service\UserService.java
2026.10.03 15:55:36 INFO  no build target found for C:\Users\USER\Downloads\quiz-app\src\main\java\service\UserService.java. Using fallback presentation compiler.
2026.10.03 15:55:36 INFO  no build target found for C:\Users\USER\Downloads\quiz-app\src\main\java\controller\AuthController.java. Using fallback presentation compiler.
2026.10.03 15:55:42 INFO  no build target found for c:\Users\USER\Downloads\quiz-app\src\main\java\dto\Authresponse.java. Using fallback presentation compiler.
2026.10.03 15:56:05 INFO  no build target found for C:\Users\USER\Downloads\quiz-app\src\main\java\dto\AuthResponse.java. Using fallback presentation compiler.
2026.10.03 15:56:05 INFO  no build target found for C:\Users\USER\Downloads\quiz-app\src\main\java\dto\AuthResponse.java. Using fallback presentation compiler.
2026.10.03 15:56:05 INFO  no build target found for C:\Users\USER\Downloads\quiz-app\src\main\java\dto\AuthResponse.java. Using fallback presentation compiler.
2026.10.03 15:56:05 INFO  no build target found for C:\Users\USER\Downloads\quiz-app\src\main\java\dto\AuthResponse.java. Using fallback presentation compiler.
2026.10.03 15:56:05 INFO  no build target found for C:\Users\USER\Downloads\quiz-app\src\main\java\dto\AuthResponse.java. Using fallback presentation compiler.
2026.10.03 15:56:05 INFO  no build target found for C:\Users\USER\Downloads\quiz-app\src\main\java\dto\AuthResponse.java. Using fallback presentation compiler.
2026.10.03 15:56:05 INFO  no build target found for C:\Users\USER\Downloads\quiz-app\src\main\java\dto\AuthResponse.java. Using fallback presentation compiler.
2026.10.03 15:56:09 INFO  no build target found for C:\Users\USER\Downloads\quiz-app\src\main\java\dto\AuthResponse.java. Using fallback presentation compiler.
2026.10.03 15:56:09 INFO  no build target found for C:\Users\USER\Downloads\quiz-app\src\main\java\dto\AuthResponse.java. Using fallback presentation compiler.
2026.10.03 15:56:09 INFO  no build target found for C:\Users\USER\Downloads\quiz-app\src\main\java\dto\AuthResponse.java. Using fallback presentation compiler.
2026.10.03 15:56:09 INFO  no build target found for C:\Users\USER\Downloads\quiz-app\src\main\java\dto\AuthResponse.java. Using fallback presentation compiler.
2026.10.03 15:56:10 INFO  no build target found for C:\Users\USER\Downloads\quiz-app\src\main\java\dto\AuthResponse.java. Using fallback presentation compiler.
2026.10.03 15:56:10 INFO  no build target found for C:\Users\USER\Downloads\quiz-app\src\main\java\dto\AuthResponse.java. Using fallback presentation compiler.
2026.10.03 15:56:11 INFO  no build target found for C:\Users\USER\Downloads\quiz-app\src\main\java\dto\AuthResponse.java. Using fallback presentation compiler.
2026.10.03 15:56:23 INFO  no build target found for C:\Users\USER\Downloads\quiz-app\src\main\java\dto\AuthResponse.java. Using fallback presentation compiler.
2026.10.03 15:56:24 INFO  no build target found for C:\Users\USER\Downloads\quiz-app\src\main\java\dto\AuthResponse.java. Using fallback presentation compiler.
2026.10.03 15:56:24 INFO  no build target found for C:\Users\USER\Downloads\quiz-app\src\main\java\dto\AuthResponse.java. Using fallback presentation compiler.
2026.10.03 15:56:25 INFO  no build target found for C:\Users\USER\Downloads\quiz-app\src\main\java\dto\AuthResponse.java. Using fallback presentation compiler.
2026.10.03 15:56:24 INFO  no build target found for C:\Users\USER\Downloads\quiz-app\src\main\java\dto\AuthResponse.java. Using fallback presentation compiler.
2026.10.03 15:56:29 INFO  no build target found for C:\Users\USER\Downloads\quiz-app\src\main\java\dto\AuthResponse.java. Using fallback presentation compiler.
2026.10.03 15:56:29 INFO  no build target found for C:\Users\USER\Downloads\quiz-app\src\main\java\dto\AuthResponse.java. Using fallback presentation compiler.
2026.10.03 15:56:30 INFO  no build target found for C:\Users\USER\Downloads\quiz-app\src\main\java\dto\AuthResponse.java. Using fallback presentation compiler.
2026.10.03 15:56:31 INFO  no build target found for C:\Users\USER\Downloads\quiz-app\src\main\java\dto\AuthResponse.java. Using fallback presentation compiler.
2026.10.03 15:56:31 INFO  no build target found for C:\Users\USER\Downloads\quiz-app\src\main\java\dto\AuthResponse.java. Using fallback presentation compiler.
2026.10.03 15:57:47 INFO  no build target found for C:\Users\USER\Downloads\quiz-app\src\main\java\controller\AuthController.java. Using fallback presentation compiler.
2026.10.03 15:58:08 INFO  no build target found for C:\Users\USER\Downloads\quiz-app\src\main\java\com\example\quiz_app\dto\AuthRequest.java. Using fallback presentation compiler.
2026.10.03 15:58:09 INFO  no build target found for C:\Users\USER\Downloads\quiz-app\src\main\java\com\example\quiz_app\dto\AuthRequest.java. Using fallback presentation compiler.
2026.10.03 15:58:09 INFO  no build target found for C:\Users\USER\Downloads\quiz-app\src\main\java\com\example\quiz_app\dto\AuthRequest.java. Using fallback presentation compiler.
2026.10.03 15:58:09 INFO  no build target found for C:\Users\USER\Downloads\quiz-app\src\main\java\com\example\quiz_app\dto\AuthRequest.java. Using fallback presentation compiler.
2026.10.03 15:58:09 INFO  no build target found for C:\Users\USER\Downloads\quiz-app\src\main\java\com\example\quiz_app\dto\AuthRequest.java. Using fallback presentation compiler.
2026.10.03 15:58:09 INFO  no build target found for C:\Users\USER\Downloads\quiz-app\src\main\java\controller\AuthController.java. Using fallback presentation compiler.
2026.10.03 15:58:18 INFO  no build target found for C:\Users\USER\Downloads\quiz-app\src\main\java\dto\AuthResponse.java. Using fallback presentation compiler.
2026.10.03 15:58:18 WARN  no build target for: C:\Users\USER\Downloads\quiz-app\src\main\java\dto\AuthResponse.java
2026.10.03 15:58:18 INFO  no build target found for C:\Users\USER\Downloads\quiz-app\src\main\java\controller\AuthController.java. Using fallback presentation compiler.
2026.10.03 15:58:18 INFO  no build target found for C:\Users\USER\Downloads\quiz-app\src\main\java\dto\AuthResponse.java. Using fallback presentation compiler.
2026.10.03 15:58:34 INFO  no build target found for C:\Users\USER\Downloads\quiz-app\src\main\java\com\example\quiz_app\dto\AuthResponse.java. Using fallback presentation compiler.
2026.10.03 15:58:34 INFO  no build target found for C:\Users\USER\Downloads\quiz-app\src\main\java\com\example\quiz_app\dto\AuthResponse.java. Using fallback presentation compiler.
2026.10.03 15:58:34 INFO  no build target found for C:\Users\USER\Downloads\quiz-app\src\main\java\com\example\quiz_app\dto\AuthResponse.java. Using fallback presentation compiler.
2026.10.03 15:58:34 INFO  no build target found for C:\Users\USER\Downloads\quiz-app\src\main\java\com\example\quiz_app\dto\AuthResponse.java. Using fallback presentation compiler.
2026.10.03 15:58:34 INFO  no build target found for C:\Users\USER\Downloads\quiz-app\src\main\java\com\example\quiz_app\dto\AuthResponse.java. Using fallback presentation compiler.
2026.10.03 15:58:34 INFO  no build target found for C:\Users\USER\Downloads\quiz-app\src\main\java\controller\AuthController.java. Using fallback presentation compiler.
2026.10.03 15:58:40 INFO  no build target found for C:\Users\USER\Downloads\quiz-app\src\main\java\dto\AuthRequest.java. Using fallback presentation compiler.
2026.10.03 15:58:40 WARN  no build target for: C:\Users\USER\Downloads\quiz-app\src\main\java\dto\AuthRequest.java
2026.10.03 15:58:40 INFO  no build target found for C:\Users\USER\Downloads\quiz-app\src\main\java\controller\AuthController.java. Using fallback presentation compiler.
2026.10.03 15:58:40 INFO  no build target found for C:\Users\USER\Downloads\quiz-app\src\main\java\dto\AuthRequest.java. Using fallback presentation compiler.
2026.10.03 15:58:40 INFO  no build target found for C:\Users\USER\Downloads\quiz-app\src\main\java\dto\AuthRequest.java. Using fallback presentation compiler.
2026.10.03 15:58:40 INFO  no build target found for C:\Users\USER\Downloads\quiz-app\src\main\java\dto\AuthRequest.java. Using fallback presentation compiler.
2026.10.03 15:58:42 INFO  no build target found for C:\Users\USER\Downloads\quiz-app\src\main\java\dto\AuthRequest.java. Using fallback presentation compiler.
2026.10.03 15:58:42 INFO  no build target found for C:\Users\USER\Downloads\quiz-app\src\main\java\dto\AuthRequest.java. Using fallback presentation compiler.
2026.10.03 15:58:42 INFO  no build target found for C:\Users\USER\Downloads\quiz-app\src\main\java\dto\AuthRequest.java. Using fallback presentation compiler.
2026.10.03 15:58:47 INFO  no build target found for C:\Users\USER\Downloads\quiz-app\src\main\java\com\example\quiz_app\dto\AuthRequest.java. Using fallback presentation compiler.
2026.10.03 15:58:47 WARN  no build target for: C:\Users\USER\Downloads\quiz-app\src\main\java\com\example\quiz_app\dto\AuthRequest.java
2026.10.03 15:58:47 INFO  no build target found for C:\Users\USER\Downloads\quiz-app\src\main\java\com\example\quiz_app\dto\AuthRequest.java. Using fallback presentation compiler.
2026.10.03 15:58:47 INFO  no build target found for C:\Users\USER\Downloads\quiz-app\src\main\java\controller\AuthController.java. Using fallback presentation compiler.
2026.10.03 15:58:47 INFO  no build target found for C:\Users\USER\Downloads\quiz-app\src\main\java\com\example\quiz_app\dto\AuthRequest.java. Using fallback presentation compiler.
2026.10.03 15:58:47 INFO  no build target found for C:\Users\USER\Downloads\quiz-app\src\main\java\com\example\quiz_app\dto\AuthRequest.java. Using fallback presentation compiler.
2026.10.03 15:58:53 INFO  no build target found for C:\Users\USER\Downloads\quiz-app\src\main\java\com\example\quiz_app\dto\AuthRequest.java. Using fallback presentation compiler.
2026.10.03 15:58:53 INFO  no build target found for C:\Users\USER\Downloads\quiz-app\src\main\java\com\example\quiz_app\dto\AuthRequest.java. Using fallback presentation compiler.
2026.10.03 15:58:53 INFO  no build target found for C:\Users\USER\Downloads\quiz-app\src\main\java\com\example\quiz_app\dto\AuthRequest.java. Using fallback presentation compiler.
2026.10.03 15:58:53 INFO  no build target found for C:\Users\USER\Downloads\quiz-app\src\main\java\com\example\quiz_app\dto\AuthRequest.java. Using fallback presentation compiler.
2026.10.03 15:58:58 INFO  no build target found for C:\Users\USER\Downloads\quiz-app\src\main\java\com\example\quiz_app\dto\AuthRequest.java. Using fallback presentation compiler.
2026.10.03 15:58:58 INFO  no build target found for C:\Users\USER\Downloads\quiz-app\src\main\java\com\example\quiz_app\dto\AuthRequest.java. Using fallback presentation compiler.
2026.10.03 15:58:58 INFO  no build target found for C:\Users\USER\Downloads\quiz-app\src\main\java\com\example\quiz_app\dto\AuthRequest.java. Using fallback presentation compiler.
2026.10.03 15:59:00 INFO  no build target found for C:\Users\USER\Downloads\quiz-app\src\main\java\com\example\quiz_app\dto\AuthRequest.java. Using fallback presentation compiler.
2026.10.03 15:59:00 INFO  no build target found for C:\Users\USER\Downloads\quiz-app\src\main\java\com\example\quiz_app\dto\AuthRequest.java. Using fallback presentation compiler.
2026.10.03 15:59:03 INFO  no build target found for C:\Users\USER\Downloads\quiz-app\src\main\java\com\example\quiz_app\dto\AuthResponse.java. Using fallback presentation compiler.
2026.10.03 15:59:03 WARN  no build target for: C:\Users\USER\Downloads\quiz-app\src\main\java\com\example\quiz_app\dto\AuthResponse.java
2026.10.03 15:59:03 INFO  no build target found for C:\Users\USER\Downloads\quiz-app\src\main\java\controller\AuthController.java. Using fallback presentation compiler.
2026.10.03 15:59:03 INFO  no build target found for C:\Users\USER\Downloads\quiz-app\src\main\java\com\example\quiz_app\dto\AuthResponse.java. Using fallback presentation compiler.
2026.10.03 15:59:05 INFO  no build target found for C:\Users\USER\Downloads\quiz-app\src\main\java\dto\AuthResponse.java. Using fallback presentation compiler.
2026.10.03 15:59:05 WARN  no build target for: C:\Users\USER\Downloads\quiz-app\src\main\java\dto\AuthResponse.java
2026.10.03 15:59:05 INFO  no build target found for C:\Users\USER\Downloads\quiz-app\src\main\java\controller\AuthController.java. Using fallback presentation compiler.
2026.10.03 15:59:05 INFO  no build target found for C:\Users\USER\Downloads\quiz-app\src\main\java\dto\AuthResponse.java. Using fallback presentation compiler.
2026.10.03 15:59:06 INFO  no build target found for C:\Users\USER\Downloads\quiz-app\src\main\java\dto\AuthResponse.java. Using fallback presentation compiler.
2026.10.03 15:59:06 INFO  no build target found for C:\Users\USER\Downloads\quiz-app\src\main\java\dto\AuthResponse.java. Using fallback presentation compiler.
2026.10.03 15:59:06 INFO  no build target found for C:\Users\USER\Downloads\quiz-app\src\main\java\dto\AuthResponse.java. Using fallback presentation compiler.
2026.10.03 15:59:10 INFO  no build target found for C:\Users\USER\Downloads\quiz-app\src\main\java\com\example\quiz_app\dto\AuthResponse.java. Using fallback presentation compiler.
2026.10.03 15:59:10 WARN  no build target for: C:\Users\USER\Downloads\quiz-app\src\main\java\com\example\quiz_app\dto\AuthResponse.java
2026.10.03 15:59:10 INFO  no build target found for C:\Users\USER\Downloads\quiz-app\src\main\java\controller\AuthController.java. Using fallback presentation compiler.
2026.10.03 15:59:10 INFO  no build target found for C:\Users\USER\Downloads\quiz-app\src\main\java\com\example\quiz_app\dto\AuthResponse.java. Using fallback presentation compiler.
2026.10.03 15:59:11 INFO  no build target found for C:\Users\USER\Downloads\quiz-app\src\main\java\com\example\quiz_app\dto\AuthResponse.java. Using fallback presentation compiler.
2026.10.03 15:59:11 INFO  no build target found for C:\Users\USER\Downloads\quiz-app\src\main\java\com\example\quiz_app\dto\AuthResponse.java. Using fallback presentation compiler.
2026.10.03 15:59:13 INFO  no build target found for C:\Users\USER\Downloads\quiz-app\src\main\java\com\example\quiz_app\dto\AuthResponse.java. Using fallback presentation compiler.
2026.10.03 15:59:13 INFO  no build target found for C:\Users\USER\Downloads\quiz-app\src\main\java\com\example\quiz_app\dto\AuthResponse.java. Using fallback presentation compiler.
2026.10.03 15:59:14 INFO  no build target found for C:\Users\USER\Downloads\quiz-app\src\main\java\com\example\quiz_app\dto\AuthResponse.java. Using fallback presentation compiler.
2026.10.03 15:59:14 INFO  no build target found for C:\Users\USER\Downloads\quiz-app\src\main\java\com\example\quiz_app\dto\AuthResponse.java. Using fallback presentation compiler.
2026.10.03 15:59:15 INFO  no build target found for C:\Users\USER\Downloads\quiz-app\src\main\java\com\example\quiz_app\dto\AuthResponse.java. Using fallback presentation compiler.
2026.10.03 15:59:15 INFO  no build target found for C:\Users\USER\Downloads\quiz-app\src\main\java\com\example\quiz_app\dto\AuthResponse.java. Using fallback presentation compiler.
2026.10.03 15:59:16 INFO  no build target found for C:\Users\USER\Downloads\quiz-app\src\main\java\com\example\quiz_app\dto\AuthResponse.java. Using fallback presentation compiler.
2026.10.03 15:59:17 INFO  no build target found for C:\Users\USER\Downloads\quiz-app\src\main\java\com\example\quiz_app\dto\AuthResponse.java. Using fallback presentation compiler.
2026.10.03 15:59:17 INFO  no build target found for C:\Users\USER\Downloads\quiz-app\src\main\java\com\example\quiz_app\dto\AuthResponse.java. Using fallback presentation compiler.
2026.10.03 15:59:19 INFO  no build target found for C:\Users\USER\Downloads\quiz-app\src\main\java\controller\AuthController.java. Using fallback presentation compiler.
2026.10.03 15:59:19 WARN  no build target for: C:\Users\USER\Downloads\quiz-app\src\main\java\controller\AuthController.java
2026.10.03 15:59:19 INFO  no build target found for C:\Users\USER\Downloads\quiz-app\src\main\java\controller\AuthController.java. Using fallback presentation compiler.
2026.10.03 15:59:19 INFO  no build target found for C:\Users\USER\Downloads\quiz-app\src\main\java\controller\AuthController.java. Using fallback presentation compiler.
2026.10.03 15:59:19 INFO  no build target found for C:\Users\USER\Downloads\quiz-app\src\main\java\controller\AuthController.java. Using fallback presentation compiler.
2026.10.03 15:59:19 INFO  no build target found for C:\Users\USER\Downloads\quiz-app\src\main\java\controller\AuthController.java. Using fallback presentation compiler.
2026.10.03 15:59:19 INFO  no build target found for C:\Users\USER\Downloads\quiz-app\src\main\java\controller\AuthController.java. Using fallback presentation compiler.
2026.10.03 15:59:26 INFO  no build target found for c:\Users\USER\Downloads\quiz-app\src\main\java\dto\Authrequest.java. Using fallback presentation compiler.
2026.10.03 15:59:26 INFO  no build target found for c:\Users\USER\Downloads\quiz-app\src\main\java\dto\Authresponse.java. Using fallback presentation compiler.
2026.10.03 15:59:47 INFO  no build target found for C:\Users\USER\Downloads\quiz-app\src\main\java\controller\AuthController.java. Using fallback presentation compiler.
2026.10.03 16:00:31 INFO  no build target found for C:\Users\USER\Downloads\quiz-app\src\main\java\controller\AuthController.java. Using fallback presentation compiler.
2026.10.03 16:00:33 INFO  no build target found for C:\Users\USER\Downloads\quiz-app\src\main\java\controller\AuthController.java. Using fallback presentation compiler.
2026.10.03 16:00:39 INFO  no build target found for C:\Users\USER\Downloads\quiz-app\src\main\java\controller\AuthController.java. Using fallback presentation compiler.
2026.10.03 16:00:52 INFO  no build target found for C:\Users\USER\Downloads\quiz-app\src\main\java\controller\AuthController.java. Using fallback presentation compiler.
2026.10.03 16:00:54 INFO  no build target found for C:\Users\USER\Downloads\quiz-app\src\main\java\controller\AuthController.java. Using fallback presentation compiler.
2026.10.03 16:00:54 INFO  no build target found for C:\Users\USER\Downloads\quiz-app\src\main\java\controller\AuthController.java. Using fallback presentation compiler.
2026.10.03 16:00:54 INFO  no build target found for C:\Users\USER\Downloads\quiz-app\src\main\java\controller\AuthController.java. Using fallback presentation compiler.
2026.10.03 16:00:56 INFO  no build target found for C:\Users\USER\Downloads\quiz-app\src\main\java\controller\AuthController.java. Using fallback presentation compiler.
2026.10.03 16:00:56 INFO  no build target found for C:\Users\USER\Downloads\quiz-app\src\main\java\controller\AuthController.java. Using fallback presentation compiler.
2026.10.03 16:00:56 INFO  Created report: Optional[file:///C:/Users/USER/Downloads/quiz-app/src/main/java/controller/AuthController.java]
2026.10.03 16:00:56 INFO  empty definition using pc, found symbol in pc: _empty_/UserService#usernameExists# (full report at: "C:\Users\USER\Downloads\quiz-app\.metals\.reports\metals-full\2026-10-03\r_empty-definition_16-00-56-344.md")
2026.10.03 16:00:57 INFO  no build target found for C:\Users\USER\Downloads\quiz-app\src\main\java\controller\AuthController.java. Using fallback presentation compiler.
2026.10.03 16:00:57 INFO  no build target found for C:\Users\USER\Downloads\quiz-app\src\main\java\controller\AuthController.java. Using fallback presentation compiler.
2026.10.03 16:00:57 INFO  empty definition using pc, found symbol in pc: _empty_/UserService#usernameExists# (full report at: "C:\Users\USER\Downloads\quiz-app\.metals\.reports\metals-full\2026-10-03\r_empty-definition_16-00-56-344.md")
2026.10.03 16:00:57 INFO  Created report: Optional[file:///C:/Users/USER/Downloads/quiz-app/src/main/java/controller/AuthController.java]
2026.10.03 16:00:57 INFO  empty definition using pc, found symbol in pc: _empty_/AuthResponse# (full report at: "C:\Users\USER\Downloads\quiz-app\.metals\.reports\metals-full\2026-10-03\r_empty-definition_16-00-57-469.md")
2026.10.03 16:00:57 INFO  no build target found for C:\Users\USER\Downloads\quiz-app\src\main\java\controller\AuthController.java. Using fallback presentation compiler.
2026.10.03 16:00:57 INFO  no build target found for C:\Users\USER\Downloads\quiz-app\src\main\java\controller\AuthController.java. Using fallback presentation compiler.
2026.10.03 16:00:57 INFO  Created report: Optional[file:///C:/Users/USER/Downloads/quiz-app/src/main/java/controller/AuthController.java]
2026.10.03 16:00:57 INFO  empty definition using pc, found symbol in pc: _empty_/UserService#registerUser# (full report at: "C:\Users\USER\Downloads\quiz-app\.metals\.reports\metals-full\2026-10-03\r_empty-definition_16-00-57-571.md")
2026.10.03 16:00:57 INFO  no build target found for C:\Users\USER\Downloads\quiz-app\src\main\java\controller\AuthController.java. Using fallback presentation compiler.
2026.10.03 16:00:57 INFO  Created report: Optional[file:///C:/Users/USER/Downloads/quiz-app/src/main/java/controller/AuthController.java]
2026.10.03 16:00:57 INFO  empty definition using pc, found symbol in pc: _empty_/AuthRequest#getPassword# (full report at: "C:\Users\USER\Downloads\quiz-app\.metals\.reports\metals-full\2026-10-03\r_empty-definition_16-00-57-591.md")
2026.10.03 16:00:57 INFO  empty definition using pc, found symbol in pc: _empty_/AuthResponse# (full report at: "C:\Users\USER\Downloads\quiz-app\.metals\.reports\metals-full\2026-10-03\r_empty-definition_16-00-57-469.md")
2026.10.03 16:00:57 INFO  no build target found for C:\Users\USER\Downloads\quiz-app\src\main\java\controller\AuthController.java. Using fallback presentation compiler.
2026.10.03 16:01:51 INFO  no build target found for C:\Users\USER\Downloads\quiz-app\src\main\java\controller\AuthController.java. Using fallback presentation compiler.
2026.10.03 16:01:51 INFO  no build target found for C:\Users\USER\Downloads\quiz-app\src\main\java\controller\AuthController.java. Using fallback presentation compiler.
2026.10.03 16:01:54 INFO  no build target found for C:\Users\USER\Downloads\quiz-app\src\main\java\controller\AuthController.java. Using fallback presentation compiler.
2026.10.03 16:01:54 INFO  no build target found for C:\Users\USER\Downloads\quiz-app\src\main\java\controller\AuthController.java. Using fallback presentation compiler.
2026.10.03 16:01:54 INFO  no build target found for C:\Users\USER\Downloads\quiz-app\src\main\java\controller\AuthController.java. Using fallback presentation compiler.
2026.10.03 16:01:54 INFO  no build target found for C:\Users\USER\Downloads\quiz-app\src\main\java\controller\AuthController.java. Using fallback presentation compiler.
2026.10.03 16:01:54 INFO  no build target found for C:\Users\USER\Downloads\quiz-app\src\main\java\controller\AuthController.java. Using fallback presentation compiler.
2026.10.03 16:01:54 INFO  no build target found for C:\Users\USER\Downloads\quiz-app\src\main\java\controller\AuthController.java. Using fallback presentation compiler.
2026.10.03 16:02:14 INFO  no build target found for C:\Users\USER\Downloads\quiz-app\src\main\java\controller\AuthController.java. Using fallback presentation compiler.
2026.10.03 16:02:14 INFO  no build target found for C:\Users\USER\Downloads\quiz-app\src\main\java\controller\AuthController.java. Using fallback presentation compiler.
2026.10.03 16:02:31 INFO  no build target found for C:\Users\USER\Downloads\quiz-app\src\main\java\com\example\quiz_app\controller\AuthController.java. Using fallback presentation compiler.
2026.10.03 16:02:32 INFO  no build target found for C:\Users\USER\Downloads\quiz-app\src\main\java\com\example\quiz_app\controller\AuthController.java. Using fallback presentation compiler.
2026.10.03 16:02:32 INFO  no build target found for C:\Users\USER\Downloads\quiz-app\src\main\java\com\example\quiz_app\controller\AuthController.java. Using fallback presentation compiler.
2026.10.03 16:02:32 INFO  no build target found for C:\Users\USER\Downloads\quiz-app\src\main\java\com\example\quiz_app\controller\AuthController.java. Using fallback presentation compiler.
2026.10.03 16:02:32 INFO  no build target found for C:\Users\USER\Downloads\quiz-app\src\main\java\com\example\quiz_app\controller\AuthController.java. Using fallback presentation compiler.
2026.10.03 16:02:33 INFO  no build target found for C:\Users\USER\Downloads\quiz-app\src\main\java\com\example\quiz_app\controller\AuthController.java. Using fallback presentation compiler.
2026.10.03 16:02:33 INFO  no build target found for C:\Users\USER\Downloads\quiz-app\src\main\java\com\example\quiz_app\controller\AuthController.java. Using fallback presentation compiler.
2026.10.03 16:02:35 INFO  no build target found for C:\Users\USER\Downloads\quiz-app\src\main\java\com\example\quiz_app\controller\AuthController.java. Using fallback presentation compiler.
2026.10.03 16:02:35 INFO  no build target found for C:\Users\USER\Downloads\quiz-app\src\main\java\com\example\quiz_app\controller\AuthController.java. Using fallback presentation compiler.
2026.10.03 16:02:37 INFO  no build target found for C:\Users\USER\Downloads\quiz-app\src\main\java\controller\AuthController.java. Using fallback presentation compiler.
2026.10.03 16:02:37 WARN  no build target for: C:\Users\USER\Downloads\quiz-app\src\main\java\controller\AuthController.java
2026.10.03 16:02:37 INFO  no build target found for C:\Users\USER\Downloads\quiz-app\src\main\java\controller\AuthController.java. Using fallback presentation compiler.
2026.10.03 16:02:37 INFO  no build target found for C:\Users\USER\Downloads\quiz-app\src\main\java\controller\AuthController.java. Using fallback presentation compiler.
2026.10.03 16:02:37 INFO  no build target found for C:\Users\USER\Downloads\quiz-app\src\main\java\controller\AuthController.java. Using fallback presentation compiler.
2026.10.03 16:02:37 INFO  no build target found for C:\Users\USER\Downloads\quiz-app\src\main\java\controller\AuthController.java. Using fallback presentation compiler.
2026.10.03 16:02:37 INFO  no build target found for C:\Users\USER\Downloads\quiz-app\src\main\java\controller\AuthController.java. Using fallback presentation compiler.
2026.10.03 16:02:38 INFO  no build target found for C:\Users\USER\Downloads\quiz-app\src\main\java\controller\AuthController.java. Using fallback presentation compiler.
2026.10.03 16:02:38 INFO  no build target found for C:\Users\USER\Downloads\quiz-app\src\main\java\controller\AuthController.java. Using fallback presentation compiler.
2026.10.03 16:02:38 INFO  no build target found for C:\Users\USER\Downloads\quiz-app\src\main\java\controller\AuthController.java. Using fallback presentation compiler.
2026.10.03 16:02:40 INFO  no build target found for C:\Users\USER\Downloads\quiz-app\src\main\java\controller\AuthController.java. Using fallback presentation compiler.
2026.10.03 16:02:41 INFO  no build target found for C:\Users\USER\Downloads\quiz-app\src\main\java\controller\AuthController.java. Using fallback presentation compiler.
2026.10.03 16:02:43 INFO  no build target found for C:\Users\USER\Downloads\quiz-app\src\main\java\controller\AuthController.java. Using fallback presentation compiler.
2026.10.03 16:02:43 INFO  no build target found for C:\Users\USER\Downloads\quiz-app\src\main\java\controller\AuthController.java. Using fallback presentation compiler.
2026.10.03 16:02:44 INFO  no build target found for C:\Users\USER\Downloads\quiz-app\src\main\java\controller\AuthController.java. Using fallback presentation compiler.
2026.10.03 16:02:44 INFO  no build target found for C:\Users\USER\Downloads\quiz-app\src\main\java\controller\AuthController.java. Using fallback presentation compiler.
2026.10.03 16:02:46 INFO  no build target found for C:\Users\USER\Downloads\quiz-app\src\main\java\controller\AuthController.java. Using fallback presentation compiler.
2026.10.03 16:02:51 WARN  no build target for: C:\Users\USER\Downloads\quiz-app\src\main\java\com\example\quiz_app\controller\AuthController.java
2026.10.03 16:02:51 INFO  no build target found for C:\Users\USER\Downloads\quiz-app\src\main\java\com\example\quiz_app\controller\AuthController.java. Using fallback presentation compiler.
2026.10.03 16:02:51 INFO  no build target found for C:\Users\USER\Downloads\quiz-app\src\main\java\controller\AuthController.java. Using fallback presentation compiler.
2026.10.03 16:02:55 INFO  no build target found for C:\Users\USER\Downloads\quiz-app\src\main\java\com\example\quiz_app\controller\AuthController.java. Using fallback presentation compiler.
2026.10.03 16:02:55 INFO  no build target found for C:\Users\USER\Downloads\quiz-app\src\main\java\com\example\quiz_app\controller\AuthController.java. Using fallback presentation compiler.
2026.10.03 16:02:55 INFO  no build target found for C:\Users\USER\Downloads\quiz-app\src\main\java\com\example\quiz_app\controller\AuthController.java. Using fallback presentation compiler.
2026.10.03 16:02:55 INFO  no build target found for C:\Users\USER\Downloads\quiz-app\src\main\java\com\example\quiz_app\controller\AuthController.java. Using fallback presentation compiler.
2026.10.03 16:02:55 INFO  no build target found for C:\Users\USER\Downloads\quiz-app\src\main\java\com\example\quiz_app\controller\AuthController.java. Using fallback presentation compiler.
2026.10.03 16:02:57 INFO  no build target found for C:\Users\USER\Downloads\quiz-app\src\main\java\com\example\quiz_app\controller\AuthController.java. Using fallback presentation compiler.
2026.10.03 16:02:57 INFO  no build target found for C:\Users\USER\Downloads\quiz-app\src\main\java\com\example\quiz_app\controller\AuthController.java. Using fallback presentation compiler.
2026.10.03 16:02:57 INFO  no build target found for C:\Users\USER\Downloads\quiz-app\src\main\java\com\example\quiz_app\controller\AuthController.java. Using fallback presentation compiler.
2026.10.03 16:02:57 INFO  no build target found for C:\Users\USER\Downloads\quiz-app\src\main\java\com\example\quiz_app\controller\AuthController.java. Using fallback presentation compiler.
2026.10.03 16:02:57 INFO  no build target found for C:\Users\USER\Downloads\quiz-app\src\main\java\com\example\quiz_app\controller\AuthController.java. Using fallback presentation compiler.
2026.10.03 16:02:57 INFO  no build target found for C:\Users\USER\Downloads\quiz-app\src\main\java\com\example\quiz_app\controller\AuthController.java. Using fallback presentation compiler.
Oct 03, 2026 4:02:57 PM org.eclipse.lsp4j.jsonrpc.RemoteEndpoint handleCancellation
WARNING: Unmatched cancel notification for request id 904
2026.10.03 16:02:57 INFO  no build target found for C:\Users\USER\Downloads\quiz-app\src\main\java\com\example\quiz_app\controller\AuthController.java. Using fallback presentation compiler.
2026.10.03 16:02:57 INFO  no build target found for C:\Users\USER\Downloads\quiz-app\src\main\java\com\example\quiz_app\controller\AuthController.java. Using fallback presentation compiler.
Oct 03, 2026 4:02:57 PM org.eclipse.lsp4j.jsonrpc.RemoteEndpoint handleCancellation
WARNING: Unmatched cancel notification for request id 905
2026.10.03 16:02:57 INFO  no build target found for C:\Users\USER\Downloads\quiz-app\src\main\java\com\example\quiz_app\controller\AuthController.java. Using fallback presentation compiler.
Oct 03, 2026 4:02:57 PM org.eclipse.lsp4j.jsonrpc.RemoteEndpoint handleCancellation
WARNING: Unmatched cancel notification for request id 906
2026.10.03 16:02:57 INFO  no build target found for C:\Users\USER\Downloads\quiz-app\src\main\java\com\example\quiz_app\controller\AuthController.java. Using fallback presentation compiler.
2026.10.03 16:02:57 INFO  no build target found for C:\Users\USER\Downloads\quiz-app\src\main\java\com\example\quiz_app\controller\AuthController.java. Using fallback presentation compiler.
2026.10.03 16:02:57 INFO  no build target found for C:\Users\USER\Downloads\quiz-app\src\main\java\com\example\quiz_app\controller\AuthController.java. Using fallback presentation compiler.
2026.10.03 16:02:57 INFO  no build target found for C:\Users\USER\Downloads\quiz-app\src\main\java\com\example\quiz_app\controller\AuthController.java. Using fallback presentation compiler.
2026.10.03 16:02:57 INFO  no build target found for C:\Users\USER\Downloads\quiz-app\src\main\java\com\example\quiz_app\controller\AuthController.java. Using fallback presentation compiler.
2026.10.03 16:02:58 INFO  no build target found for C:\Users\USER\Downloads\quiz-app\src\main\java\com\example\quiz_app\controller\AuthController.java. Using fallback presentation compiler.
2026.10.03 16:02:58 INFO  no build target found for C:\Users\USER\Downloads\quiz-app\src\main\java\com\example\quiz_app\controller\AuthController.java. Using fallback presentation compiler.
2026.10.03 16:02:57 INFO  no build target found for C:\Users\USER\Downloads\quiz-app\src\main\java\com\example\quiz_app\controller\AuthController.java. Using fallback presentation compiler.
2026.10.03 16:02:59 INFO  no build target found for C:\Users\USER\Downloads\quiz-app\src\main\java\com\example\quiz_app\controller\AuthController.java. Using fallback presentation compiler.
2026.10.03 16:02:59 INFO  no build target found for C:\Users\USER\Downloads\quiz-app\src\main\java\com\example\quiz_app\controller\AuthController.java. Using fallback presentation compiler.
2026.10.03 16:02:59 INFO  no build target found for C:\Users\USER\Downloads\quiz-app\src\main\java\com\example\quiz_app\controller\AuthController.java. Using fallback presentation compiler.
2026.10.03 16:02:59 INFO  no build target found for C:\Users\USER\Downloads\quiz-app\src\main\java\com\example\quiz_app\controller\AuthController.java. Using fallback presentation compiler.
2026.10.03 16:03:00 INFO  no build target found for C:\Users\USER\Downloads\quiz-app\src\main\java\com\example\quiz_app\controller\AuthController.java. Using fallback presentation compiler.
2026.10.03 16:03:00 INFO  no build target found for C:\Users\USER\Downloads\quiz-app\src\main\java\com\example\quiz_app\controller\AuthController.java. Using fallback presentation compiler.
2026.10.03 16:03:00 INFO  no build target found for C:\Users\USER\Downloads\quiz-app\src\main\java\com\example\quiz_app\controller\AuthController.java. Using fallback presentation compiler.
2026.10.03 16:03:00 INFO  no build target found for C:\Users\USER\Downloads\quiz-app\src\main\java\com\example\quiz_app\controller\AuthController.java. Using fallback presentation compiler.
2026.10.03 16:03:00 INFO  no build target found for C:\Users\USER\Downloads\quiz-app\src\main\java\com\example\quiz_app\controller\AuthController.java. Using fallback presentation compiler.
2026.10.03 16:03:00 INFO  no build target found for C:\Users\USER\Downloads\quiz-app\src\main\java\com\example\quiz_app\controller\AuthController.java. Using fallback presentation compiler.
2026.10.03 16:03:00 INFO  no build target found for C:\Users\USER\Downloads\quiz-app\src\main\java\com\example\quiz_app\controller\AuthController.java. Using fallback presentation compiler.
2026.10.03 16:03:00 INFO  no build target found for C:\Users\USER\Downloads\quiz-app\src\main\java\com\example\quiz_app\controller\AuthController.java. Using fallback presentation compiler.
2026.10.03 16:03:00 INFO  no build target found for C:\Users\USER\Downloads\quiz-app\src\main\java\com\example\quiz_app\controller\AuthController.java. Using fallback presentation compiler.
2026.10.03 16:03:00 INFO  no build target found for C:\Users\USER\Downloads\quiz-app\src\main\java\com\example\quiz_app\controller\AuthController.java. Using fallback presentation compiler.
2026.10.03 16:03:00 INFO  no build target found for C:\Users\USER\Downloads\quiz-app\src\main\java\com\example\quiz_app\controller\AuthController.java. Using fallback presentation compiler.
2026.10.03 16:03:01 INFO  no build target found for C:\Users\USER\Downloads\quiz-app\src\main\java\com\example\quiz_app\controller\AuthController.java. Using fallback presentation compiler.
2026.10.03 16:03:00 INFO  no build target found for C:\Users\USER\Downloads\quiz-app\src\main\java\com\example\quiz_app\controller\AuthController.java. Using fallback presentation compiler.
2026.10.03 16:03:20 INFO  no build target found for C:\Users\USER\Downloads\quiz-app\src\main\java\com\example\quiz_app\controller\AuthController.java. Using fallback presentation compiler.
2026.10.03 16:03:20 INFO  no build target found for C:\Users\USER\Downloads\quiz-app\src\main\java\com\example\quiz_app\controller\AuthController.java. Using fallback presentation compiler.
2026.10.03 16:03:20 INFO  no build target found for C:\Users\USER\Downloads\quiz-app\src\main\java\com\example\quiz_app\controller\AuthController.java. Using fallback presentation compiler.
2026.10.03 16:03:20 INFO  no build target found for C:\Users\USER\Downloads\quiz-app\src\main\java\com\example\quiz_app\controller\AuthController.java. Using fallback presentation compiler.
2026.10.03 16:03:31 INFO  no build target found for c:\Users\USER\Downloads\quiz-app\src\main\java\com\example\quiz_app\controller\AuthController.java. Using fallback presentation compiler.
2026.10.03 16:03:31 INFO  no build target found for C:\Users\USER\Downloads\quiz-app\src\main\java\controller\AuthController.java. Using fallback presentation compiler.
2026.10.03 16:03:31 WARN  no build target for: C:\Users\USER\Downloads\quiz-app\src\main\java\controller\AuthController.java
2026.10.03 16:03:31 INFO  no build target found for C:\Users\USER\Downloads\quiz-app\src\main\java\controller\AuthController.java. Using fallback presentation compiler.
2026.10.03 16:03:31 INFO  no build target found for C:\Users\USER\Downloads\quiz-app\src\main\java\controller\AuthController.java. Using fallback presentation compiler.
2026.10.03 16:03:31 INFO  no build target found for C:\Users\USER\Downloads\quiz-app\src\main\java\controller\AuthController.java. Using fallback presentation compiler.
2026.10.03 16:03:31 INFO  no build target found for C:\Users\USER\Downloads\quiz-app\src\main\java\controller\AuthController.java. Using fallback presentation compiler.
2026.10.03 16:03:31 INFO  no build target found for C:\Users\USER\Downloads\quiz-app\src\main\java\controller\AuthController.java. Using fallback presentation compiler.
2026.10.03 16:03:33 INFO  no build target found for C:\Users\USER\Downloads\quiz-app\src\main\java\controller\AuthController.java. Using fallback presentation compiler.
2026.10.03 16:03:41 INFO  no build target found for C:\Users\USER\Downloads\quiz-app\src\main\java\controller\AuthController.java. Using fallback presentation compiler.
2026.10.03 16:03:41 INFO  no build target found for C:\Users\USER\Downloads\quiz-app\src\main\java\controller\AuthController.java. Using fallback presentation compiler.
2026.10.03 16:04:14 WARN  no build target for: C:\Users\USER\Downloads\quiz-app\src\main\java\controller\Authcontroller.java
2026.10.03 16:04:14 INFO  no build target found for C:\Users\USER\Downloads\quiz-app\src\main\java\controller\Authcontroller.java. Using fallback presentation compiler.
2026.10.03 16:04:15 INFO  no build target found for C:\Users\USER\Downloads\quiz-app\src\main\java\controller\Authcontroller.java. Using fallback presentation compiler.
2026.10.03 16:04:15 INFO  no build target found for C:\Users\USER\Downloads\quiz-app\src\main\java\controller\Authcontroller.java. Using fallback presentation compiler.
2026.10.03 16:04:23 INFO  Shutting down server
2026.10.03 16:04:23 INFO  Memory monitor stopped
2026.10.03 16:04:23 INFO  shutting down Metals
2026.10.03 16:04:23 INFO  Exiting server
2026.10.03 16:04:23 ERROR Unexpected error initializing server: 
org.eclipse.lsp4j.jsonrpc.ResponseErrorException: Request window/showMessageRequest failed with message: Canceled
	at org.eclipse.lsp4j.jsonrpc.RemoteEndpoint.handleResponse(RemoteEndpoint.java:214)
	at org.eclipse.lsp4j.jsonrpc.RemoteEndpoint.consume(RemoteEndpoint.java:198)
	at org.eclipse.lsp4j.jsonrpc.json.StreamMessageProducer.handleMessage(StreamMessageProducer.java:189)
	at org.eclipse.lsp4j.jsonrpc.json.StreamMessageProducer.listen(StreamMessageProducer.java:97)
	at org.eclipse.lsp4j.jsonrpc.json.ConcurrentMessageProcessor.run(ConcurrentMessageProcessor.java:97)
	at java.util.concurrent.Executors$RunnableAdapter.call(Executors.java:539)
	at java.util.concurrent.FutureTask.run(FutureTask.java:264)
	at java.util.concurrent.ThreadPoolExecutor.runWorker(ThreadPoolExecutor.java:1136)
	at java.util.concurrent.ThreadPoolExecutor$Worker.run(ThreadPoolExecutor.java:635)
	at java.lang.Thread.run(Thread.java:840)

2026.10.03 16:04:37 INFO  Started: Metals version 1.6.9 in folders 'C:\Users\USER\Downloads\quiz-app' for client Visual Studio Code 1.140.0.
2026.10.03 16:04:37 INFO  Memory monitor started
2026.10.03 16:04:38 WARN  Using H2 2.5.250 which is newer than the version Flyway has been verified with. The latest verified version of H2 is 2.3.232.
2026.10.03 16:04:38 INFO  no build target found for C:\Users\USER\Downloads\quiz-app\src\main\java\controller\Authcontroller.java. Using fallback presentation compiler.
2026.10.03 16:04:39 INFO  no build target found for C:\Users\USER\Downloads\quiz-app\src\main\java\controller\Authcontroller.java. Using fallback presentation compiler.
2026.10.03 16:04:43 INFO  no build target found for C:\Users\USER\Downloads\quiz-app\src\main\java\controller\Authcontroller.java. Using fallback presentation compiler.
2026.10.03 16:04:43 INFO  no build target found for C:\Users\USER\Downloads\quiz-app\src\main\java\controller\Authcontroller.java. Using fallback presentation compiler.
2026.10.03 16:04:43 INFO  no build target found for C:\Users\USER\Downloads\quiz-app\src\main\java\controller\Authcontroller.java. Using fallback presentation compiler.
2026.10.03 16:04:47 INFO  no build target found for C:\Users\USER\Downloads\quiz-app\src\main\java\controller\Authcontroller.java. Using fallback presentation compiler.
Oct 03, 2026 4:04:47 PM org.eclipse.lsp4j.jsonrpc.services.GenericEndpoint notify
INFO: Unsupported notification method: $/setTrace
2026.10.03 16:04:47 INFO  no build target found for C:\Users\USER\Downloads\quiz-app\src\main\java\controller\Authcontroller.java. Using fallback presentation compiler.
Oct 03, 2026 4:04:47 PM org.eclipse.lsp4j.jsonrpc.RemoteEndpoint handleCancellation
WARNING: Unmatched cancel notification for request id 28
2026.10.03 16:04:47 INFO  no build target found for C:\Users\USER\Downloads\quiz-app\src\main\java\controller\Authcontroller.java. Using fallback presentation compiler.
Oct 03, 2026 4:04:48 PM org.eclipse.lsp4j.jsonrpc.services.GenericEndpoint notify
INFO: Unsupported notification method: $/setTrace
2026.10.03 16:04:50 INFO  no build target found for C:\Users\USER\Downloads\quiz-app\src\main\java\controller\Authcontroller.java. Using fallback presentation compiler.
2026.10.03 16:04:52 WARN  no build target for: C:\Users\USER\Downloads\quiz-app\src\main\java\com\example\quiz_app\dto\AuthRequest.java
2026.10.03 16:04:52 WARN  no build target for: C:\Users\USER\Downloads\quiz-app\src\main\java\com\example\quiz_app\dto\AuthResponse.java
2026.10.03 16:04:52 WARN  no build target for: C:\Users\USER\Downloads\quiz-app\src\main\java\service\UserService.java
2026.10.03 16:04:52 WARN  no build target for: C:\Users\USER\Downloads\quiz-app\src\main\java\controller\Authcontroller.java
2026.10.03 16:04:52 INFO  no build target found for C:\Users\USER\Downloads\quiz-app\src\main\java\controller\Authcontroller.java. Using fallback presentation compiler.
2026.10.03 16:04:53 INFO  no build target found for C:\Users\USER\Downloads\quiz-app\src\main\java\controller\Authcontroller.java. Using fallback presentation compiler.
2026.10.03 16:04:53 WARN  Running javac-semanticdb failed for file:///C:/Users/USER/Downloads/quiz-app/src/main/java/com/example/quiz_app/dto/AuthRequest.java. Output:

2026.10.03 16:04:53 WARN  Running javac-semanticdb failed for file:///C:/Users/USER/Downloads/quiz-app/src/main/java/com/example/quiz_app/dto/AuthResponse.java. Output:

2026.10.03 16:05:09 WARN  no build target for: C:\Users\USER\Downloads\quiz-app\src\main\java\repository\UserRepository.java
2026.10.03 16:05:09 INFO  no build target found for C:\Users\USER\Downloads\quiz-app\src\main\java\repository\UserRepository.java. Using fallback presentation compiler.
2026.10.03 16:05:09 INFO  no build target found for C:\Users\USER\Downloads\quiz-app\src\main\java\repository\UserRepository.java. Using fallback presentation compiler.
2026.10.03 16:05:09 INFO  no build target found for C:\Users\USER\Downloads\quiz-app\src\main\java\repository\UserRepository.java. Using fallback presentation compiler.
2026.10.03 16:05:09 INFO  no build target found for C:\Users\USER\Downloads\quiz-app\src\main\java\controller\Authcontroller.java. Using fallback presentation compiler.
2026.10.03 16:05:09 INFO  no build target found for C:\Users\USER\Downloads\quiz-app\src\main\java\repository\UserRepository.java. Using fallback presentation compiler.
2026.10.03 16:05:10 INFO  no build target found for C:\Users\USER\Downloads\quiz-app\src\main\java\repository\UserRepository.java. Using fallback presentation compiler.
2026.10.03 16:05:09 INFO  no build target found for C:\Users\USER\Downloads\quiz-app\src\main\java\repository\UserRepository.java. Using fallback presentation compiler.
2026.10.03 16:05:11 INFO  no build target found for C:\Users\USER\Downloads\quiz-app\src\main\java\repository\UserRepository.java. Using fallback presentation compiler.
2026.10.03 16:05:11 INFO  no build target found for C:\Users\USER\Downloads\quiz-app\src\main\java\repository\UserRepository.java. Using fallback presentation compiler.
2026.10.03 16:05:11 INFO  no build target found for C:\Users\USER\Downloads\quiz-app\src\main\java\repository\UserRepository.java. Using fallback presentation compiler.
2026.10.03 16:05:13 INFO  no build target found for C:\Users\USER\Downloads\quiz-app\src\main\java\repository\UserRepository.java. Using fallback presentation compiler.
2026.10.03 16:05:13 INFO  no build target found for C:\Users\USER\Downloads\quiz-app\src\main\java\repository\UserRepository.java. Using fallback presentation compiler.
2026.10.03 16:05:16 INFO  no build target found for C:\Users\USER\Downloads\quiz-app\src\main\java\controller\Authcontroller.java. Using fallback presentation compiler.
2026.10.03 16:05:16 WARN  no build target for: C:\Users\USER\Downloads\quiz-app\src\main\java\controller\Authcontroller.java
2026.10.03 16:05:16 INFO  no build target found for C:\Users\USER\Downloads\quiz-app\src\main\java\controller\Authcontroller.java. Using fallback presentation compiler.
2026.10.03 16:05:16 INFO  no build target found for C:\Users\USER\Downloads\quiz-app\src\main\java\controller\Authcontroller.java. Using fallback presentation compiler.
2026.10.03 16:05:16 INFO  no build target found for C:\Users\USER\Downloads\quiz-app\src\main\java\controller\Authcontroller.java. Using fallback presentation compiler.
2026.10.03 16:05:16 INFO  no build target found for C:\Users\USER\Downloads\quiz-app\src\main\java\controller\Authcontroller.java. Using fallback presentation compiler.
2026.10.03 16:05:19 WARN  no build target for: C:\Users\USER\Downloads\quiz-app\src\main\java\config\Security.java
2026.10.03 16:05:19 INFO  no build target found for C:\Users\USER\Downloads\quiz-app\src\main\java\config\Security.java. Using fallback presentation compiler.
2026.10.03 16:05:19 WARN  Running javac-semanticdb failed for file:///C:/Users/USER/Downloads/quiz-app/src/main/java/config/Security.java. Output:

2026.10.03 16:05:19 INFO  no build target found for C:\Users\USER\Downloads\quiz-app\src\main\java\controller\Authcontroller.java. Using fallback presentation compiler.
2026.10.03 16:05:19 INFO  no build target found for C:\Users\USER\Downloads\quiz-app\src\main\java\config\Security.java. Using fallback presentation compiler.
2026.10.03 16:05:35 INFO  no build target found for C:\Users\USER\Downloads\quiz-app\src\main\java\config\Security.java. Using fallback presentation compiler.
2026.10.03 16:05:35 INFO  no build target found for C:\Users\USER\Downloads\quiz-app\src\main\java\config\Security.java. Using fallback presentation compiler.
2026.10.03 16:05:35 WARN  Running javac-semanticdb failed for file:///C:/Users/USER/Downloads/quiz-app/src/main/java/config/Security.java. Output:

2026.10.03 16:05:35 INFO  no build target found for C:\Users\USER\Downloads\quiz-app\src\main\java\config\Security.java. Using fallback presentation compiler.
2026.10.03 16:05:35 INFO  no build target found for C:\Users\USER\Downloads\quiz-app\src\main\java\config\Security.java. Using fallback presentation compiler.
2026.10.03 16:05:41 INFO  no build target found for C:\Users\USER\Downloads\quiz-app\src\main\java\controller\Authcontroller.java. Using fallback presentation compiler.
2026.10.03 16:05:45 INFO  Shutting down server
2026.10.03 16:05:45 INFO  Memory monitor stopped
2026.10.03 16:05:45 INFO  shutting down Metals
2026.10.03 16:05:45 INFO  Exiting server
2026.10.03 16:05:59 INFO  Started: Metals version 1.6.9 in folders 'C:\Users\USER\Downloads\quiz-app' for client Visual Studio Code 1.140.0.
2026.10.03 16:05:59 INFO  Memory monitor started
2026.10.03 16:06:00 WARN  Using H2 2.5.250 which is newer than the version Flyway has been verified with. The latest verified version of H2 is 2.3.232.
2026.10.03 16:06:00 INFO  no build target found for C:\Users\USER\Downloads\quiz-app\src\main\java\config\Security.java. Using fallback presentation compiler.
2026.10.03 16:06:01 INFO  skipping build import with status 'Dismissed'
2026.10.03 16:06:01 WARN  no build target for: C:\Users\USER\Downloads\quiz-app\src\main\java\config\Security.java
2026.10.03 16:06:01 WARN  no build target for: C:\Users\USER\Downloads\quiz-app\src\main\java\service\UserService.java
2026.10.03 16:06:01 WARN  no build target for: C:\Users\USER\Downloads\quiz-app\src\main\java\com\example\quiz_app\dto\AuthRequest.java
2026.10.03 16:06:01 WARN  no build target for: C:\Users\USER\Downloads\quiz-app\src\main\java\controller\Authcontroller.java
2026.10.03 16:06:01 WARN  no build target for: C:\Users\USER\Downloads\quiz-app\src\main\java\com\example\quiz_app\dto\AuthResponse.java
2026.10.03 16:06:01 INFO  no build target found for C:\Users\USER\Downloads\quiz-app\src\main\java\config\Security.java. Using fallback presentation compiler.
2026.10.03 16:06:01 INFO  no build target found for C:\Users\USER\Downloads\quiz-app\src\main\java\controller\Authcontroller.java. Using fallback presentation compiler.
Oct 03, 2026 4:06:02 PM org.eclipse.lsp4j.jsonrpc.services.GenericEndpoint notify
INFO: Unsupported notification method: $/setTrace
2026.10.03 16:06:03 INFO  time: code lens generation in 1.89s
2026.10.03 16:06:03 WARN  Running javac-semanticdb failed for file:///C:/Users/USER/Downloads/quiz-app/src/main/java/config/Security.java. Output:

2026.10.03 16:06:03 INFO  time: code lens generation in 1.28s
2026.10.03 16:06:03 WARN  Running javac-semanticdb failed for file:///C:/Users/USER/Downloads/quiz-app/src/main/java/com/example/quiz_app/dto/AuthResponse.java. Output:

2026.10.03 16:06:04 WARN  Running javac-semanticdb failed for file:///C:/Users/USER/Downloads/quiz-app/src/main/java/com/example/quiz_app/dto/AuthRequest.java. Output:

2026.10.03 16:06:04 INFO  time: code lens generation in 2.42s
2026.10.03 16:06:04 INFO  no build target found for C:\Users\USER\Downloads\quiz-app\src\main\java\controller\Authcontroller.java. Using fallback presentation compiler.
Oct 03, 2026 4:06:04 PM org.eclipse.lsp4j.jsonrpc.RemoteEndpoint handleCancellation
WARNING: Unmatched cancel notification for request id 15
2026.10.03 16:06:04 INFO  no build target found for C:\Users\USER\Downloads\quiz-app\src\main\java\config\Security.java. Using fallback presentation compiler.
2026.10.03 16:06:04 INFO  no build target found for C:\Users\USER\Downloads\quiz-app\src\main\java\config\Security.java. Using fallback presentation compiler.
2026.10.03 16:06:04 INFO  no build target found for C:\Users\USER\Downloads\quiz-app\src\main\java\config\Security.java. Using fallback presentation compiler.
Oct 03, 2026 4:06:05 PM org.eclipse.lsp4j.jsonrpc.RemoteEndpoint handleCancellation
WARNING: Unmatched cancel notification for request id 19
2026.10.03 16:06:04 INFO  no build target found for C:\Users\USER\Downloads\quiz-app\src\main\java\config\Security.java. Using fallback presentation compiler.
2026.10.03 16:06:04 INFO  no build target found for C:\Users\USER\Downloads\quiz-app\src\main\java\config\Security.java. Using fallback presentation compiler.
Oct 03, 2026 4:06:08 PM org.eclipse.lsp4j.jsonrpc.services.GenericEndpoint notify
INFO: Unsupported notification method: $/setTrace
2026.10.03 16:06:08 INFO  no build target found for C:\Users\USER\Downloads\quiz-app\src\main\java\controller\Authcontroller.java. Using fallback presentation compiler.
2026.10.03 16:06:08 INFO  no build target found for C:\Users\USER\Downloads\quiz-app\src\main\java\config\Security.java. Using fallback presentation compiler.
2026.10.03 16:06:08 INFO  no build target found for C:\Users\USER\Downloads\quiz-app\src\main\java\config\Security.java. Using fallback presentation compiler.
2026.10.03 16:06:08 INFO  no build target found for C:\Users\USER\Downloads\quiz-app\src\main\java\config\Security.java. Using fallback presentation compiler.
2026.10.03 16:06:16 INFO  no build target found for C:\Users\USER\Downloads\quiz-app\src\main\java\config\Security.java. Using fallback presentation compiler.
2026.10.03 16:06:43 WARN  no build target for: C:\Users\USER\Downloads\quiz-app\src\test\java\com\example\quiz_app\QuizAppApplicationTests.java
2026.10.03 16:06:43 INFO  no build target found for C:\Users\USER\Downloads\quiz-app\src\test\java\com\example\quiz_app\QuizAppApplicationTests.java. Using fallback presentation compiler.
2026.10.03 16:06:43 INFO  no build target found for C:\Users\USER\Downloads\quiz-app\src\test\java\com\example\quiz_app\QuizAppApplicationTests.java. Using fallback presentation compiler.
Oct 03, 2026 4:06:43 PM org.eclipse.lsp4j.jsonrpc.RemoteEndpoint handleCancellation
WARNING: Unmatched cancel notification for request id 41
2026.10.03 16:06:43 INFO  no build target found for C:\Users\USER\Downloads\quiz-app\src\test\java\com\example\quiz_app\QuizAppApplicationTests.java. Using fallback presentation compiler.
2026.10.03 16:06:43 INFO  no build target found for C:\Users\USER\Downloads\quiz-app\src\main\java\controller\Authcontroller.java. Using fallback presentation compiler.
2026.10.03 16:06:44 INFO  no build target found for C:\Users\USER\Downloads\quiz-app\src\test\java\com\example\quiz_app\QuizAppApplicationTests.java. Using fallback presentation compiler.
2026.10.03 16:06:51 INFO  no build target found for C:\Users\USER\Downloads\quiz-app\src\main\java\config\Security.java. Using fallback presentation compiler.
2026.10.03 16:06:51 WARN  no build target for: C:\Users\USER\Downloads\quiz-app\src\main\java\config\Security.java
2026.10.03 16:06:51 INFO  no build target found for C:\Users\USER\Downloads\quiz-app\src\main\java\config\Security.java. Using fallback presentation compiler.
2026.10.03 16:06:51 INFO  no build target found for C:\Users\USER\Downloads\quiz-app\src\main\java\controller\Authcontroller.java. Using fallback presentation compiler.
2026.10.03 16:06:51 INFO  no build target found for C:\Users\USER\Downloads\quiz-app\src\main\java\config\Security.java. Using fallback presentation compiler.
2026.10.03 16:06:51 INFO  no build target found for C:\Users\USER\Downloads\quiz-app\src\main\java\config\Security.java. Using fallback presentation compiler.
2026.10.03 16:06:52 INFO  no build target found for C:\Users\USER\Downloads\quiz-app\src\main\java\config\Security.java. Using fallback presentation compiler.
2026.10.03 16:06:58 INFO  no build target found for C:\Users\USER\Downloads\quiz-app\src\test\java\com\example\quiz_app\QuizAppApplicationTests.java. Using fallback presentation compiler.
2026.10.03 16:06:58 WARN  no build target for: C:\Users\USER\Downloads\quiz-app\src\test\java\com\example\quiz_app\QuizAppApplicationTests.java
2026.10.03 16:06:58 INFO  no build target found for C:\Users\USER\Downloads\quiz-app\src\test\java\com\example\quiz_app\QuizAppApplicationTests.java. Using fallback presentation compiler.
2026.10.03 16:06:58 INFO  no build target found for C:\Users\USER\Downloads\quiz-app\src\main\java\controller\Authcontroller.java. Using fallback presentation compiler.
2026.10.03 16:06:58 INFO  no build target found for C:\Users\USER\Downloads\quiz-app\src\test\java\com\example\quiz_app\QuizAppApplicationTests.java. Using fallback presentation compiler.
2026.10.03 16:07:18 INFO  no build target found for C:\Users\USER\Downloads\quiz-app\src\test\java\com\example\quiz_app\QuizAppApplicationTests.java. Using fallback presentation compiler.
2026.10.03 16:07:18 WARN  no build target for: C:\Users\USER\Downloads\quiz-app\src\main\java\com\example\quiz_app\entity\User.java
2026.10.03 16:07:18 INFO  no build target found for C:\Users\USER\Downloads\quiz-app\src\main\java\com\example\quiz_app\entity\User.java. Using fallback presentation compiler.
2026.10.03 16:07:18 INFO  no build target found for C:\Users\USER\Downloads\quiz-app\src\main\java\com\example\quiz_app\entity\User.java. Using fallback presentation compiler.
2026.10.03 16:07:18 INFO  no build target found for C:\Users\USER\Downloads\quiz-app\src\main\java\com\example\quiz_app\entity\User.java. Using fallback presentation compiler.
2026.10.03 16:07:18 INFO  no build target found for C:\Users\USER\Downloads\quiz-app\src\main\java\controller\Authcontroller.java. Using fallback presentation compiler.
2026.10.03 16:07:18 INFO  no build target found for C:\Users\USER\Downloads\quiz-app\src\main\java\com\example\quiz_app\entity\User.java. Using fallback presentation compiler.
2026.10.03 16:07:30 WARN  no build target for: C:\Users\USER\Downloads\quiz-app\src\main\java\controller\Authcontroller.java
2026.10.03 16:07:30 INFO  no build target found for C:\Users\USER\Downloads\quiz-app\src\main\java\controller\Authcontroller.java. Using fallback presentation compiler.
2026.10.03 16:08:53 WARN  no build target for: C:\Users\USER\Downloads\quiz-app\src\main\java\config\Security.java
2026.10.03 16:08:53 WARN  no build target for: C:\Users\USER\Downloads\quiz-app\src\main\java\controller\Authcontroller.java
2026.10.03 16:08:53 WARN  no build target for: C:\Users\USER\Downloads\quiz-app\src\main\java\com\example\quiz_app\dto\AuthResponse.java
2026.10.03 16:08:53 WARN  no build target for: C:\Users\USER\Downloads\quiz-app\src\main\java\com\example\quiz_app\dto\AuthRequest.java
2026.10.03 16:08:53 WARN  no build target for: C:\Users\USER\Downloads\quiz-app\src\main\java\service\UserService.java
2026.10.03 16:10:14 WARN  no build target for: C:\Users\USER\Downloads\quiz-app\src\main\java\repository\UserRepository.java
2026.10.03 16:10:14 INFO  no build target found for C:\Users\USER\Downloads\quiz-app\src\main\java\repository\UserRepository.java. Using fallback presentation compiler.
2026.10.03 16:10:14 INFO  no build target found for C:\Users\USER\Downloads\quiz-app\src\main\java\repository\UserRepository.java. Using fallback presentation compiler.
2026.10.03 16:10:14 INFO  no build target found for C:\Users\USER\Downloads\quiz-app\src\main\java\repository\UserRepository.java. Using fallback presentation compiler.
2026.10.03 16:10:14 INFO  no build target found for C:\Users\USER\Downloads\quiz-app\src\main\java\repository\UserRepository.java. Using fallback presentation compiler.
2026.10.03 16:10:14 INFO  no build target found for C:\Users\USER\Downloads\quiz-app\src\main\java\repository\UserRepository.java. Using fallback presentation compiler.
2026.10.03 16:10:16 INFO  no build target found for C:\Users\USER\Downloads\quiz-app\src\main\java\repository\UserRepository.java. Using fallback presentation compiler.
2026.10.03 16:10:16 INFO  no build target found for C:\Users\USER\Downloads\quiz-app\src\main\java\repository\UserRepository.java. Using fallback presentation compiler.
2026.10.03 16:10:16 INFO  no build target found for C:\Users\USER\Downloads\quiz-app\src\main\java\repository\UserRepository.java. Using fallback presentation compiler.
2026.10.03 16:10:17 INFO  no build target found for C:\Users\USER\Downloads\quiz-app\src\main\java\repository\UserRepository.java. Using fallback presentation compiler.
2026.10.03 16:10:17 INFO  no build target found for C:\Users\USER\Downloads\quiz-app\src\main\java\repository\UserRepository.java. Using fallback presentation compiler.
2026.10.03 16:10:18 INFO  no build target found for C:\Users\USER\Downloads\quiz-app\src\main\java\repository\UserRepository.java. Using fallback presentation compiler.
2026.10.03 16:10:18 INFO  no build target found for C:\Users\USER\Downloads\quiz-app\src\main\java\repository\UserRepository.java. Using fallback presentation compiler.
2026.10.03 16:11:18 INFO  no build target found for C:\Users\USER\Downloads\quiz-app\src\main\java\repository\UserRepository.java. Using fallback presentation compiler.
2026.10.03 16:11:18 INFO  no build target found for C:\Users\USER\Downloads\quiz-app\src\main\java\repository\UserRepository.java. Using fallback presentation compiler.
2026.10.03 16:14:21 WARN  no build target for: C:\Users\USER\Downloads\quiz-app\src\test\java\com\example\quiz_app\repository\UserRepository.java
2026.10.03 16:14:21 WARN  Running javac-semanticdb failed for file:///C:/Users/USER/Downloads/quiz-app/src/test/java/com/example/quiz_app/repository/UserRepository.java. Output:

2026.10.03 16:14:21 INFO  no build target found for C:\Users\USER\Downloads\quiz-app\src\test\java\com\example\quiz_app\repository\UserRepository.java. Using fallback presentation compiler.
2026.10.03 16:14:21 INFO  no build target found for C:\Users\USER\Downloads\quiz-app\src\main\java\repository\UserRepository.java. Using fallback presentation compiler.
2026.10.03 16:14:21 WARN  no build target for: C:\Users\USER\Downloads\quiz-app\src\main\java\repository\UserRepository.java
2026.10.03 16:14:21 INFO  no build target found for C:\Users\USER\Downloads\quiz-app\src\main\java\repository\UserRepository.java. Using fallback presentation compiler.
2026.10.03 16:14:22 INFO  no build target found for C:\Users\USER\Downloads\quiz-app\src\main\java\repository\UserRepository.java. Using fallback presentation compiler.
2026.10.03 16:14:21 INFO  no build target found for C:\Users\USER\Downloads\quiz-app\src\main\java\repository\UserRepository.java. Using fallback presentation compiler.
2026.10.03 16:14:21 INFO  no build target found for C:\Users\USER\Downloads\quiz-app\src\test\java\com\example\quiz_app\repository\UserRepository.java. Using fallback presentation compiler.
2026.10.03 16:14:21 INFO  no build target found for C:\Users\USER\Downloads\quiz-app\src\test\java\com\example\quiz_app\repository\UserRepository.java. Using fallback presentation compiler.
2026.10.03 16:14:21 INFO  no build target found for C:\Users\USER\Downloads\quiz-app\src\test\java\com\example\quiz_app\repository\UserRepository.java. Using fallback presentation compiler.
2026.10.03 16:14:22 WARN  Running javac-semanticdb failed for file:///C:/Users/USER/Downloads/quiz-app/src/test/java/com/example/quiz_app/repository/UserRepository.java. Output:

2026.10.03 16:14:44 INFO  no build target found for C:\Users\USER\Downloads\quiz-app\src\test\java\com\example\quiz_app\repository\UserRepository.java. Using fallback presentation compiler.
2026.10.03 16:14:44 INFO  no build target found for C:\Users\USER\Downloads\quiz-app\src\test\java\com\example\quiz_app\repository\UserRepository.java. Using fallback presentation compiler.
2026.10.03 16:14:45 INFO  no build target found for C:\Users\USER\Downloads\quiz-app\src\test\java\com\example\quiz_app\repository\UserRepository.java. Using fallback presentation compiler.
2026.10.03 16:14:46 WARN  Running javac-semanticdb failed for file:///C:/Users/USER/Downloads/quiz-app/src/test/java/com/example/quiz_app/repository/UserRepository.java. Output:

2026.10.03 16:14:46 INFO  no build target found for C:\Users\USER\Downloads\quiz-app\src\test\java\com\example\quiz_app\repository\UserRepository.java. Using fallback presentation compiler.
2026.10.03 16:14:48 INFO  no build target found for C:\Users\USER\Downloads\quiz-app\src\test\java\com\example\quiz_app\repository\UserRepository.java. Using fallback presentation compiler.
2026.10.03 16:14:48 INFO  no build target found for C:\Users\USER\Downloads\quiz-app\src\test\java\com\example\quiz_app\repository\UserRepository.java. Using fallback presentation compiler.
2026.10.03 16:14:48 WARN  Running javac-semanticdb failed for file:///C:/Users/USER/Downloads/quiz-app/src/test/java/com/example/quiz_app/repository/UserRepository.java. Output:

2026.10.03 16:14:48 INFO  no build target found for C:\Users\USER\Downloads\quiz-app\src\test\java\com\example\quiz_app\repository\UserRepository.java. Using fallback presentation compiler.
2026.10.03 16:14:50 WARN  no build target for: C:\Users\USER\Downloads\quiz-app\src\test\java\com\example\quiz_app\QuizAppApplicationTests.java
2026.10.03 16:14:50 INFO  no build target found for C:\Users\USER\Downloads\quiz-app\src\test\java\com\example\quiz_app\QuizAppApplicationTests.java. Using fallback presentation compiler.
2026.10.03 16:14:50 INFO  no build target found for C:\Users\USER\Downloads\quiz-app\src\test\java\com\example\quiz_app\QuizAppApplicationTests.java. Using fallback presentation compiler.
2026.10.03 16:14:50 INFO  no build target found for C:\Users\USER\Downloads\quiz-app\src\test\java\com\example\quiz_app\QuizAppApplicationTests.java. Using fallback presentation compiler.
2026.10.03 16:14:51 INFO  no build target found for C:\Users\USER\Downloads\quiz-app\src\test\java\com\example\quiz_app\QuizAppApplicationTests.java. Using fallback presentation compiler.
2026.10.03 16:14:57 INFO  no build target found for c:\Users\USER\Downloads\quiz-app\src\main\java\repository\UserRepository.java. Using fallback presentation compiler.
2026.10.03 16:15:01 WARN  no build target for: C:\Users\USER\Downloads\quiz-app\src\main\java\service\UserService.java
2026.10.03 16:15:01 INFO  no build target found for C:\Users\USER\Downloads\quiz-app\src\main\java\service\UserService.java. Using fallback presentation compiler.
2026.10.03 16:15:09 INFO  no build target found for C:\Users\USER\Downloads\quiz-app\src\main\java\config\Security.java. Using fallback presentation compiler.
2026.10.03 16:15:09 WARN  no build target for: C:\Users\USER\Downloads\quiz-app\src\main\java\config\Security.java
2026.10.03 16:15:09 INFO  no build target found for C:\Users\USER\Downloads\quiz-app\src\main\java\config\Security.java. Using fallback presentation compiler.
2026.10.03 16:15:09 INFO  no build target found for C:\Users\USER\Downloads\quiz-app\src\main\java\config\Security.java. Using fallback presentation compiler.
2026.10.03 16:15:09 INFO  no build target found for C:\Users\USER\Downloads\quiz-app\src\main\java\config\Security.java. Using fallback presentation compiler.
2026.10.03 16:16:21 WARN  no build target for: C:\Users\USER\Downloads\quiz-app\src\test\java\com\example\quiz_app\controller\Authcontroller.java
2026.10.03 16:16:21 WARN  Running javac-semanticdb failed for file:///C:/Users/USER/Downloads/quiz-app/src/test/java/com/example/quiz_app/controller/Authcontroller.java. Output:

2026.10.03 16:16:21 INFO  no build target found for C:\Users\USER\Downloads\quiz-app\src\test\java\com\example\quiz_app\controller\Authcontroller.java. Using fallback presentation compiler.
2026.10.03 16:16:22 INFO  no build target found for C:\Users\USER\Downloads\quiz-app\src\test\java\com\example\quiz_app\controller\Authcontroller.java. Using fallback presentation compiler.
2026.10.03 16:16:22 INFO  no build target found for C:\Users\USER\Downloads\quiz-app\src\test\java\com\example\quiz_app\controller\Authcontroller.java. Using fallback presentation compiler.
2026.10.03 16:16:22 INFO  no build target found for C:\Users\USER\Downloads\quiz-app\src\test\java\com\example\quiz_app\controller\Authcontroller.java. Using fallback presentation compiler.
2026.10.03 16:16:22 WARN  Running javac-semanticdb failed for file:///C:/Users/USER/Downloads/quiz-app/src/test/java/com/example/quiz_app/controller/Authcontroller.java. Output:

2026.10.03 16:16:22 INFO  no build target found for C:\Users\USER\Downloads\quiz-app\src\test\java\com\example\quiz_app\controller\Authcontroller.java. Using fallback presentation compiler.
2026.10.03 16:16:22 INFO  no build target found for C:\Users\USER\Downloads\quiz-app\src\main\java\controller\Authcontroller.java. Using fallback presentation compiler.
2026.10.03 16:16:22 WARN  no build target for: C:\Users\USER\Downloads\quiz-app\src\main\java\controller\Authcontroller.java
2026.10.03 16:16:22 INFO  no build target found for C:\Users\USER\Downloads\quiz-app\src\main\java\controller\Authcontroller.java. Using fallback presentation compiler.
2026.10.03 16:16:24 INFO  no build target found for C:\Users\USER\Downloads\quiz-app\src\main\java\controller\Authcontroller.java. Using fallback presentation compiler.
Oct 03, 2026 4:16:24 PM org.eclipse.lsp4j.jsonrpc.RemoteEndpoint handleCancellation
WARNING: Unmatched cancel notification for request id 212
2026.10.03 16:16:51 INFO  no build target found for C:\Users\USER\Downloads\quiz-app\src\test\java\com\example\quiz_app\controller\Authcontroller.java. Using fallback presentation compiler.
2026.10.03 16:16:51 WARN  no build target for: C:\Users\USER\Downloads\quiz-app\src\test\java\com\example\quiz_app\controller\Authcontroller.java
2026.10.03 16:16:51 INFO  no build target found for C:\Users\USER\Downloads\quiz-app\src\test\java\com\example\quiz_app\controller\Authcontroller.java. Using fallback presentation compiler.
2026.10.03 16:16:51 INFO  no build target found for C:\Users\USER\Downloads\quiz-app\src\test\java\com\example\quiz_app\controller\Authcontroller.java. Using fallback presentation compiler.
2026.10.03 16:16:51 INFO  no build target found for C:\Users\USER\Downloads\quiz-app\src\test\java\com\example\quiz_app\controller\Authcontroller.java. Using fallback presentation compiler.
2026.10.03 16:16:52 INFO  no build target found for C:\Users\USER\Downloads\quiz-app\src\test\java\com\example\quiz_app\controller\Authcontroller.java. Using fallback presentation compiler.
2026.10.03 16:16:52 INFO  no build target found for C:\Users\USER\Downloads\quiz-app\src\test\java\com\example\quiz_app\controller\Authcontroller.java. Using fallback presentation compiler.
2026.10.03 16:16:52 INFO  no build target found for C:\Users\USER\Downloads\quiz-app\src\test\java\com\example\quiz_app\controller\Authcontroller.java. Using fallback presentation compiler.
2026.10.03 16:16:52 INFO  no build target found for C:\Users\USER\Downloads\quiz-app\src\test\java\com\example\quiz_app\controller\Authcontroller.java. Using fallback presentation compiler.
2026.10.03 16:16:54 INFO  no build target found for C:\Users\USER\Downloads\quiz-app\src\test\java\com\example\quiz_app\controller\Authcontroller.java. Using fallback presentation compiler.
2026.10.03 16:16:54 WARN  Running javac-semanticdb failed for file:///C:/Users/USER/Downloads/quiz-app/src/test/java/com/example/quiz_app/controller/Authcontroller.java. Output:

2026.10.03 16:16:54 INFO  no build target found for C:\Users\USER\Downloads\quiz-app\src\test\java\com\example\quiz_app\controller\Authcontroller.java. Using fallback presentation compiler.
2026.10.03 16:16:55 INFO  no build target found for C:\Users\USER\Downloads\quiz-app\src\test\java\com\example\quiz_app\controller\Authcontroller.java. Using fallback presentation compiler.
2026.10.03 16:16:55 INFO  no build target found for C:\Users\USER\Downloads\quiz-app\src\test\java\com\example\quiz_app\controller\Authcontroller.java. Using fallback presentation compiler.
2026.10.03 16:16:56 WARN  Running javac-semanticdb failed for file:///C:/Users/USER/Downloads/quiz-app/src/test/java/com/example/quiz_app/controller/Authcontroller.java. Output:

2026.10.03 16:16:56 INFO  no build target found for C:\Users\USER\Downloads\quiz-app\src\test\java\com\example\quiz_app\controller\Authcontroller.java. Using fallback presentation compiler.
2026.10.03 16:16:55 INFO  no build target found for C:\Users\USER\Downloads\quiz-app\src\test\java\com\example\quiz_app\controller\Authcontroller.java. Using fallback presentation compiler.
2026.10.03 16:17:11 INFO  no build target found for c:\Users\USER\Downloads\quiz-app\src\main\java\controller\AuthController.java. Using fallback presentation compiler.
2026.10.03 16:17:22 INFO  no build target found for c:\Users\USER\Downloads\quiz-app\src\test\java\com\example\quiz_app\controller\Authcontroller.java. Using fallback presentation compiler.
2026.10.03 16:17:22 INFO  no build target found for C:\Users\USER\Downloads\quiz-app\src\main\java\config\Security.java. Using fallback presentation compiler.
2026.10.03 16:17:22 WARN  no build target for: C:\Users\USER\Downloads\quiz-app\src\main\java\config\Security.java
2026.10.03 16:17:22 INFO  no build target found for C:\Users\USER\Downloads\quiz-app\src\main\java\config\Security.java. Using fallback presentation compiler.
2026.10.03 16:17:22 INFO  no build target found for C:\Users\USER\Downloads\quiz-app\src\main\java\config\Security.java. Using fallback presentation compiler.
2026.10.03 16:17:22 INFO  no build target found for C:\Users\USER\Downloads\quiz-app\src\main\java\config\Security.java. Using fallback presentation compiler.
2026.10.03 16:17:22 INFO  no build target found for C:\Users\USER\Downloads\quiz-app\src\main\java\config\Security.java. Using fallback presentation compiler.
2026.10.03 16:17:32 INFO  no build target found for c:\Users\USER\Downloads\quiz-app\src\main\java\config\security.java. Using fallback presentation compiler.
2026.10.03 16:17:32 WARN  no build target for: C:\Users\USER\Downloads\quiz-app\src\main\java\service\UserService.java
2026.10.03 16:17:32 INFO  no build target found for C:\Users\USER\Downloads\quiz-app\src\main\java\service\UserService.java. Using fallback presentation compiler.
2026.10.03 16:21:10 INFO  no build target found for c:\Users\USER\Downloads\quiz-app\src\test\java\com\example\quiz_app\repository\UserRepository.java. Using fallback presentation compiler.
2026.10.03 16:21:31 INFO  no build target found for c:\Users\USER\Downloads\quiz-app\src\main\java\com\example\quiz_app\dto\AuthResponse.java. Using fallback presentation compiler.
2026.10.03 16:21:31 INFO  no build target found for c:\Users\USER\Downloads\quiz-app\src\main\java\com\example\quiz_app\dto\AuthRequest.java. Using fallback presentation compiler.
2026.10.03 16:21:36 INFO  no build target found for c:\Users\USER\Downloads\quiz-app\src\main\java\com\example\quiz_app\entity\user.java. Using fallback presentation compiler.
2026.10.03 16:21:47 INFO  no build target found for c:\Users\USER\Downloads\quiz-app\src\main\java\service\userService.java. Using fallback presentation compiler.
2026.10.03 16:22:17 WARN  no build target for: C:\Users\USER\Downloads\quiz-app\src\main\java\com\example\quiz_app\QuizAppApplication.java
2026.10.03 16:22:17 INFO  no build target found for C:\Users\USER\Downloads\quiz-app\src\main\java\com\example\quiz_app\QuizAppApplication.java. Using fallback presentation compiler.
2026.10.03 16:22:17 INFO  no build target found for C:\Users\USER\Downloads\quiz-app\src\main\java\com\example\quiz_app\QuizAppApplication.java. Using fallback presentation compiler.
2026.10.03 16:22:17 INFO  no build target found for C:\Users\USER\Downloads\quiz-app\src\main\java\com\example\quiz_app\QuizAppApplication.java. Using fallback presentation compiler.
2026.10.03 16:22:17 INFO  no build target found for C:\Users\USER\Downloads\quiz-app\src\main\java\com\example\quiz_app\QuizAppApplication.java. Using fallback presentation compiler.
2026.10.03 16:22:19 INFO  no build target found for C:\Users\USER\Downloads\quiz-app\src\test\java\com\example\quiz_app\QuizAppApplicationTests.java. Using fallback presentation compiler.
2026.10.03 16:22:19 WARN  no build target for: C:\Users\USER\Downloads\quiz-app\src\test\java\com\example\quiz_app\QuizAppApplicationTests.java
2026.10.03 16:22:19 INFO  no build target found for C:\Users\USER\Downloads\quiz-app\src\test\java\com\example\quiz_app\QuizAppApplicationTests.java. Using fallback presentation compiler.
2026.10.03 16:22:19 INFO  no build target found for C:\Users\USER\Downloads\quiz-app\src\test\java\com\example\quiz_app\QuizAppApplicationTests.java. Using fallback presentation compiler.
2026.10.03 16:22:21 INFO  no build target found for C:\Users\USER\Downloads\quiz-app\src\main\java\com\example\quiz_app\QuizAppApplication.java. Using fallback presentation compiler.
2026.10.03 16:22:21 WARN  no build target for: C:\Users\USER\Downloads\quiz-app\src\main\java\com\example\quiz_app\QuizAppApplication.java
2026.10.03 16:22:21 INFO  no build target found for C:\Users\USER\Downloads\quiz-app\src\main\java\com\example\quiz_app\QuizAppApplication.java. Using fallback presentation compiler.
2026.10.03 16:22:21 INFO  no build target found for C:\Users\USER\Downloads\quiz-app\src\main\java\com\example\quiz_app\QuizAppApplication.java. Using fallback presentation compiler.
2026.10.03 16:24:41 WARN  no build target for: C:\Users\USER\Downloads\quiz-app\src\main\java\com\example\quiz_app\config\Security.java
2026.10.03 16:24:41 WARN  Running javac-semanticdb failed for file:///C:/Users/USER/Downloads/quiz-app/src/main/java/com/example/quiz_app/config/Security.java. Output:

2026.10.03 16:24:41 INFO  no build target found for C:\Users\USER\Downloads\quiz-app\src\main\java\com\example\quiz_app\config\Security.java. Using fallback presentation compiler.
2026.10.03 16:24:41 INFO  no build target found for C:\Users\USER\Downloads\quiz-app\src\main\java\com\example\quiz_app\config\Security.java. Using fallback presentation compiler.
2026.10.03 16:24:41 INFO  no build target found for C:\Users\USER\Downloads\quiz-app\src\main\java\com\example\quiz_app\config\Security.java. Using fallback presentation compiler.
2026.10.03 16:24:41 INFO  no build target found for C:\Users\USER\Downloads\quiz-app\src\main\java\com\example\quiz_app\config\Security.java. Using fallback presentation compiler.
2026.10.03 16:24:41 INFO  no build target found for C:\Users\USER\Downloads\quiz-app\src\main\java\com\example\quiz_app\config\Security.java. Using fallback presentation compiler.
2026.10.03 16:24:41 WARN  Running javac-semanticdb failed for file:///C:/Users/USER/Downloads/quiz-app/src/main/java/com/example/quiz_app/config/Security.java. Output:

2026.10.03 16:25:24 WARN  no build target for: C:\Users\USER\Downloads\quiz-app\src\main\java\com\example\quiz_app\controller\AuthController.java
2026.10.03 16:25:24 WARN  Running javac-semanticdb failed for file:///C:/Users/USER/Downloads/quiz-app/src/main/java/com/example/quiz_app/controller/AuthController.java. Output:

2026.10.03 16:25:24 INFO  no build target found for C:\Users\USER\Downloads\quiz-app\src\main\java\com\example\quiz_app\controller\AuthController.java. Using fallback presentation compiler.
2026.10.03 16:25:25 INFO  no build target found for C:\Users\USER\Downloads\quiz-app\src\main\java\com\example\quiz_app\controller\AuthController.java. Using fallback presentation compiler.
2026.10.03 16:25:24 INFO  no build target found for C:\Users\USER\Downloads\quiz-app\src\main\java\com\example\quiz_app\controller\AuthController.java. Using fallback presentation compiler.
2026.10.03 16:25:25 INFO  no build target found for C:\Users\USER\Downloads\quiz-app\src\main\java\com\example\quiz_app\controller\AuthController.java. Using fallback presentation compiler.
2026.10.03 16:25:24 WARN  Running javac-semanticdb failed for file:///C:/Users/USER/Downloads/quiz-app/src/main/java/com/example/quiz_app/controller/AuthController.java. Output:

2026.10.03 16:26:35 WARN  no build target for: C:\Users\USER\Downloads\quiz-app\src\main\java\com\example\quiz_app\dto\AuthController.java
2026.10.03 16:26:35 WARN  Running javac-semanticdb failed for file:///C:/Users/USER/Downloads/quiz-app/src/main/java/com/example/quiz_app/dto/AuthController.java. Output:

2026.10.03 16:26:35 INFO  no build target found for C:\Users\USER\Downloads\quiz-app\src\main\java\com\example\quiz_app\dto\AuthController.java. Using fallback presentation compiler.
2026.10.03 16:26:36 INFO  no build target found for C:\Users\USER\Downloads\quiz-app\src\main\java\com\example\quiz_app\dto\AuthController.java. Using fallback presentation compiler.
2026.10.03 16:26:36 INFO  no build target found for C:\Users\USER\Downloads\quiz-app\src\main\java\com\example\quiz_app\dto\AuthController.java. Using fallback presentation compiler.
2026.10.03 16:26:36 INFO  no build target found for C:\Users\USER\Downloads\quiz-app\src\main\java\com\example\quiz_app\dto\AuthController.java. Using fallback presentation compiler.
2026.10.03 16:26:36 WARN  Running javac-semanticdb failed for file:///C:/Users/USER/Downloads/quiz-app/src/main/java/com/example/quiz_app/dto/AuthController.java. Output:

2026.10.03 16:27:08 WARN  no build target for: C:\Users\USER\Downloads\quiz-app\src\main\java\com\example\quiz_app\dto\AuthRequest.java
2026.10.03 16:27:08 INFO  no build target found for C:\Users\USER\Downloads\quiz-app\src\main\java\com\example\quiz_app\dto\AuthRequest.java. Using fallback presentation compiler.
2026.10.03 16:27:08 INFO  no build target found for c:\Users\USER\Downloads\quiz-app\src\main\java\com\example\quiz_app\dto\AuthController.java. Using fallback presentation compiler.
2026.10.03 16:27:08 WARN  Running javac-semanticdb failed for file:///C:/Users/USER/Downloads/quiz-app/src/main/java/com/example/quiz_app/dto/AuthRequest.java. Output:

2026.10.03 16:27:08 INFO  no build target found for C:\Users\USER\Downloads\quiz-app\src\main\java\com\example\quiz_app\dto\AuthRequest.java. Using fallback presentation compiler.
2026.10.03 16:27:08 INFO  no build target found for C:\Users\USER\Downloads\quiz-app\src\main\java\com\example\quiz_app\dto\AuthRequest.java. Using fallback presentation compiler.
2026.10.03 16:27:08 INFO  no build target found for C:\Users\USER\Downloads\quiz-app\src\main\java\com\example\quiz_app\dto\AuthRequest.java. Using fallback presentation compiler.
2026.10.03 16:27:08 INFO  no build target found for C:\Users\USER\Downloads\quiz-app\src\main\java\com\example\quiz_app\dto\AuthRequest.java. Using fallback presentation compiler.
2026.10.03 16:27:08 INFO  no build target found for C:\Users\USER\Downloads\quiz-app\src\main\java\com\example\quiz_app\dto\AuthRequest.java. Using fallback presentation compiler.
2026.10.03 16:27:08 INFO  no build target found for C:\Users\USER\Downloads\quiz-app\src\main\java\com\example\quiz_app\dto\AuthRequest.java. Using fallback presentation compiler.
2026.10.03 16:27:27 INFO  no build target found for c:\Users\USER\Downloads\quiz-app\src\main\java\com\example\quiz_app\dto\AuthRequest.java. Using fallback presentation compiler.
2026.10.03 16:27:27 INFO  no build target found for C:\Users\USER\Downloads\quiz-app\src\main\java\com\example\quiz_app\controller\AuthController.java. Using fallback presentation compiler.
2026.10.03 16:27:27 WARN  no build target for: C:\Users\USER\Downloads\quiz-app\src\main\java\com\example\quiz_app\controller\AuthController.java
2026.10.03 16:27:27 INFO  no build target found for C:\Users\USER\Downloads\quiz-app\src\main\java\com\example\quiz_app\controller\AuthController.java. Using fallback presentation compiler.
2026.10.03 16:27:27 INFO  no build target found for C:\Users\USER\Downloads\quiz-app\src\main\java\com\example\quiz_app\controller\AuthController.java. Using fallback presentation compiler.
2026.10.03 16:27:27 INFO  no build target found for C:\Users\USER\Downloads\quiz-app\src\main\java\com\example\quiz_app\controller\AuthController.java. Using fallback presentation compiler.
2026.10.03 16:27:52 WARN  no build target for: C:\Users\USER\Downloads\quiz-app\src\main\java\com\example\quiz_app\AuthRequest.java
2026.10.03 16:27:52 WARN  Running javac-semanticdb failed for file:///C:/Users/USER/Downloads/quiz-app/src/main/java/com/example/quiz_app/AuthRequest.java. Output:

2026.10.03 16:27:52 INFO  no build target found for C:\Users\USER\Downloads\quiz-app\src\main\java\com\example\quiz_app\AuthRequest.java. Using fallback presentation compiler.
2026.10.03 16:27:52 INFO  no build target found for C:\Users\USER\Downloads\quiz-app\src\main\java\com\example\quiz_app\AuthRequest.java. Using fallback presentation compiler.
2026.10.03 16:27:52 INFO  no build target found for C:\Users\USER\Downloads\quiz-app\src\main\java\com\example\quiz_app\AuthRequest.java. Using fallback presentation compiler.
2026.10.03 16:27:52 INFO  no build target found for C:\Users\USER\Downloads\quiz-app\src\main\java\com\example\quiz_app\AuthRequest.java. Using fallback presentation compiler.
2026.10.03 16:27:52 WARN  Running javac-semanticdb failed for file:///C:/Users/USER/Downloads/quiz-app/src/main/java/com/example/quiz_app/AuthRequest.java. Output:

2026.10.03 16:28:02 INFO  no build target found for c:\Users\USER\Downloads\quiz-app\src\main\java\com\example\quiz_app\AuthRequest.java. Using fallback presentation compiler.
2026.10.03 16:28:02 INFO  no build target found for C:\Users\USER\Downloads\quiz-app\src\main\java\com\example\quiz_app\controller\AuthController.java. Using fallback presentation compiler.
2026.10.03 16:28:02 WARN  no build target for: C:\Users\USER\Downloads\quiz-app\src\main\java\com\example\quiz_app\controller\AuthController.java
2026.10.03 16:28:02 INFO  no build target found for C:\Users\USER\Downloads\quiz-app\src\main\java\com\example\quiz_app\controller\AuthController.java. Using fallback presentation compiler.
2026.10.03 16:28:02 INFO  no build target found for C:\Users\USER\Downloads\quiz-app\src\main\java\com\example\quiz_app\controller\AuthController.java. Using fallback presentation compiler.
2026.10.03 16:28:02 INFO  no build target found for C:\Users\USER\Downloads\quiz-app\src\main\java\com\example\quiz_app\controller\AuthController.java. Using fallback presentation compiler.
2026.10.03 16:28:37 WARN  no build target for: C:\Users\USER\Downloads\quiz-app\src\main\java\com\example\quiz_app\dto\AuthRequest.java
2026.10.03 16:28:37 WARN  Running javac-semanticdb failed for file:///C:/Users/USER/Downloads/quiz-app/src/main/java/com/example/quiz_app/dto/AuthRequest.java. Output:

2026.10.03 16:28:37 INFO  no build target found for C:\Users\USER\Downloads\quiz-app\src\main\java\com\example\quiz_app\dto\AuthRequest.java. Using fallback presentation compiler.
2026.10.03 16:28:37 INFO  no build target found for C:\Users\USER\Downloads\quiz-app\src\main\java\com\example\quiz_app\dto\AuthRequest.java. Using fallback presentation compiler.
2026.10.03 16:28:37 INFO  no build target found for C:\Users\USER\Downloads\quiz-app\src\main\java\com\example\quiz_app\dto\AuthRequest.java. Using fallback presentation compiler.
2026.10.03 16:28:37 INFO  no build target found for C:\Users\USER\Downloads\quiz-app\src\main\java\com\example\quiz_app\dto\AuthRequest.java. Using fallback presentation compiler.
2026.10.03 16:28:37 WARN  Running javac-semanticdb failed for file:///C:/Users/USER/Downloads/quiz-app/src/main/java/com/example/quiz_app/dto/AuthRequest.java. Output:

2026.10.03 16:28:57 WARN  no build target for: C:\Users\USER\Downloads\quiz-app\src\main\java\com\example\quiz_app\dto\AuthResponse.java
2026.10.03 16:28:57 WARN  Running javac-semanticdb failed for file:///C:/Users/USER/Downloads/quiz-app/src/main/java/com/example/quiz_app/dto/AuthResponse.java. Output:

2026.10.03 16:28:57 INFO  no build target found for C:\Users\USER\Downloads\quiz-app\src\main\java\com\example\quiz_app\dto\AuthResponse.java. Using fallback presentation compiler.
2026.10.03 16:28:58 INFO  no build target found for C:\Users\USER\Downloads\quiz-app\src\main\java\com\example\quiz_app\dto\AuthResponse.java. Using fallback presentation compiler.
2026.10.03 16:28:57 INFO  no build target found for C:\Users\USER\Downloads\quiz-app\src\main\java\com\example\quiz_app\dto\AuthResponse.java. Using fallback presentation compiler.
2026.10.03 16:28:58 INFO  no build target found for C:\Users\USER\Downloads\quiz-app\src\main\java\com\example\quiz_app\dto\AuthResponse.java. Using fallback presentation compiler.
2026.10.03 16:28:57 WARN  Running javac-semanticdb failed for file:///C:/Users/USER/Downloads/quiz-app/src/main/java/com/example/quiz_app/dto/AuthResponse.java. Output:

2026.10.03 16:29:30 WARN  no build target for: C:\Users\USER\Downloads\quiz-app\src\main\java\com\example\quiz_app\entity\User.java
2026.10.03 16:29:30 WARN  Running javac-semanticdb failed for file:///C:/Users/USER/Downloads/quiz-app/src/main/java/com/example/quiz_app/entity/User.java. Output:

2026.10.03 16:29:30 INFO  no build target found for C:\Users\USER\Downloads\quiz-app\src\main\java\com\example\quiz_app\entity\User.java. Using fallback presentation compiler.
2026.10.03 16:29:31 INFO  no build target found for C:\Users\USER\Downloads\quiz-app\src\main\java\com\example\quiz_app\entity\User.java. Using fallback presentation compiler.
2026.10.03 16:29:30 INFO  no build target found for C:\Users\USER\Downloads\quiz-app\src\main\java\com\example\quiz_app\entity\User.java. Using fallback presentation compiler.
2026.10.03 16:29:31 INFO  no build target found for C:\Users\USER\Downloads\quiz-app\src\main\java\com\example\quiz_app\entity\User.java. Using fallback presentation compiler.
2026.10.03 16:29:31 WARN  Running javac-semanticdb failed for file:///C:/Users/USER/Downloads/quiz-app/src/main/java/com/example/quiz_app/entity/User.java. Output:

2026.10.03 16:29:31 INFO  no build target found for C:\Users\USER\Downloads\quiz-app\src\main\java\com\example\quiz_app\entity\User.java. Using fallback presentation compiler.
2026.10.03 16:29:31 INFO  no build target found for C:\Users\USER\Downloads\quiz-app\src\main\java\com\example\quiz_app\entity\User.java. Using fallback presentation compiler.
2026.10.03 16:29:56 INFO  no build target found for C:\Users\USER\Downloads\quiz-app\src\main\java\com\example\quiz_app\entity\user.java. Using fallback presentation compiler.
2026.10.03 16:29:56 INFO  no build target found for C:\Users\USER\Downloads\quiz-app\src\main\java\com\example\quiz_app\entity\user.java. Using fallback presentation compiler.
2026.10.03 16:31:06 WARN  no build target for: C:\Users\USER\Downloads\quiz-app\src\main\java\com\example\quiz_app\respository\UserRespository.java
2026.10.03 16:31:06 WARN  Running javac-semanticdb failed for file:///C:/Users/USER/Downloads/quiz-app/src/main/java/com/example/quiz_app/respository/UserRespository.java. Output:

2026.10.03 16:31:06 INFO  no build target found for C:\Users\USER\Downloads\quiz-app\src\main\java\com\example\quiz_app\respository\UserRespository.java. Using fallback presentation compiler.
2026.10.03 16:31:07 INFO  no build target found for C:\Users\USER\Downloads\quiz-app\src\main\java\com\example\quiz_app\respository\UserRespository.java. Using fallback presentation compiler.
2026.10.03 16:31:07 INFO  no build target found for C:\Users\USER\Downloads\quiz-app\src\main\java\com\example\quiz_app\respository\UserRespository.java. Using fallback presentation compiler.
2026.10.03 16:31:07 INFO  no build target found for C:\Users\USER\Downloads\quiz-app\src\main\java\com\example\quiz_app\respository\UserRespository.java. Using fallback presentation compiler.
2026.10.03 16:31:07 WARN  Running javac-semanticdb failed for file:///C:/Users/USER/Downloads/quiz-app/src/main/java/com/example/quiz_app/respository/UserRespository.java. Output:

2026.10.03 16:31:44 WARN  no build target for: C:\Users\USER\Downloads\quiz-app\src\main\java\com\example\quiz_app\service\UserService.java
2026.10.03 16:31:44 WARN  Running javac-semanticdb failed for file:///C:/Users/USER/Downloads/quiz-app/src/main/java/com/example/quiz_app/service/UserService.java. Output:

2026.10.03 16:31:44 INFO  no build target found for C:\Users\USER\Downloads\quiz-app\src\main\java\com\example\quiz_app\service\UserService.java. Using fallback presentation compiler.
2026.10.03 16:31:44 INFO  no build target found for C:\Users\USER\Downloads\quiz-app\src\main\java\com\example\quiz_app\service\UserService.java. Using fallback presentation compiler.
2026.10.03 16:31:44 INFO  no build target found for C:\Users\USER\Downloads\quiz-app\src\main\java\com\example\quiz_app\service\UserService.java. Using fallback presentation compiler.
2026.10.03 16:31:44 INFO  no build target found for C:\Users\USER\Downloads\quiz-app\src\main\java\com\example\quiz_app\service\UserService.java. Using fallback presentation compiler.
2026.10.03 16:31:44 WARN  Running javac-semanticdb failed for file:///C:/Users/USER/Downloads/quiz-app/src/main/java/com/example/quiz_app/service/UserService.java. Output:

2026.10.03 16:32:46 INFO  no build target found for C:\Users\USER\Downloads\quiz-app\src\main\java\com\example\quiz_app\entity\user.java. Using fallback presentation compiler.
2026.10.03 16:32:46 WARN  no build target for: C:\Users\USER\Downloads\quiz-app\src\main\java\com\example\quiz_app\entity\user.java
2026.10.03 16:32:46 INFO  no build target found for C:\Users\USER\Downloads\quiz-app\src\main\java\com\example\quiz_app\entity\user.java. Using fallback presentation compiler.
2026.10.03 16:32:46 INFO  no build target found for C:\Users\USER\Downloads\quiz-app\src\main\java\com\example\quiz_app\entity\user.java. Using fallback presentation compiler.
2026.10.03 16:32:46 INFO  no build target found for C:\Users\USER\Downloads\quiz-app\src\main\java\com\example\quiz_app\entity\user.java. Using fallback presentation compiler.
2026.10.03 16:32:48 INFO  no build target found for C:\Users\USER\Downloads\quiz-app\src\main\java\com\example\quiz_app\entity\user.java. Using fallback presentation compiler.
2026.10.03 16:32:48 INFO  no build target found for C:\Users\USER\Downloads\quiz-app\src\main\java\com\example\quiz_app\entity\user.java. Using fallback presentation compiler.
2026.10.03 16:32:50 INFO  no build target found for C:\Users\USER\Downloads\quiz-app\src\main\java\com\example\quiz_app\entity\user.java. Using fallback presentation compiler.
2026.10.03 16:32:50 WARN  Running javac-semanticdb failed for file:///C:/Users/USER/Downloads/quiz-app/src/main/java/com/example/quiz_app/entity/user.java. Output:

2026.10.03 16:32:50 INFO  no build target found for C:\Users\USER\Downloads\quiz-app\src\main\java\com\example\quiz_app\entity\user.java. Using fallback presentation compiler.
2026.10.03 16:32:52 INFO  no build target found for C:\Users\USER\Downloads\quiz-app\src\main\java\com\example\quiz_app\entity\user.java. Using fallback presentation compiler.
2026.10.03 16:32:52 INFO  no build target found for C:\Users\USER\Downloads\quiz-app\src\main\java\com\example\quiz_app\entity\user.java. Using fallback presentation compiler.
2026.10.03 16:32:52 WARN  Running javac-semanticdb failed for file:///C:/Users/USER/Downloads/quiz-app/src/main/java/com/example/quiz_app/entity/user.java. Output:

2026.10.03 16:32:52 INFO  no build target found for C:\Users\USER\Downloads\quiz-app\src\main\java\com\example\quiz_app\entity\user.java. Using fallback presentation compiler.
2026.10.03 16:33:16 INFO  no build target found for C:\Users\USER\Downloads\quiz-app\src\main\java\com\example\quiz_app\dto\AuthRequest.java. Using fallback presentation compiler.
2026.10.03 16:33:16 WARN  no build target for: C:\Users\USER\Downloads\quiz-app\src\main\java\com\example\quiz_app\dto\AuthRequest.java
2026.10.03 16:33:16 INFO  no build target found for C:\Users\USER\Downloads\quiz-app\src\main\java\com\example\quiz_app\dto\AuthRequest.java. Using fallback presentation compiler.
2026.10.03 16:33:16 INFO  no build target found for C:\Users\USER\Downloads\quiz-app\src\main\java\com\example\quiz_app\dto\AuthRequest.java. Using fallback presentation compiler.
2026.10.03 16:33:16 INFO  no build target found for C:\Users\USER\Downloads\quiz-app\src\main\java\com\example\quiz_app\dto\AuthRequest.java. Using fallback presentation compiler.
2026.10.03 16:33:17 INFO  no build target found for C:\Users\USER\Downloads\quiz-app\src\main\java\com\example\quiz_app\dto\AuthRequest.java. Using fallback presentation compiler.
2026.10.03 16:33:17 INFO  no build target found for C:\Users\USER\Downloads\quiz-app\src\main\java\com\example\quiz_app\dto\AuthRequest.java. Using fallback presentation compiler.
2026.10.03 16:33:19 INFO  no build target found for C:\Users\USER\Downloads\quiz-app\src\main\java\com\example\quiz_app\dto\AuthRequest.java. Using fallback presentation compiler.
2026.10.03 16:33:19 WARN  Running javac-semanticdb failed for file:///C:/Users/USER/Downloads/quiz-app/src/main/java/com/example/quiz_app/dto/AuthRequest.java. Output:

2026.10.03 16:33:19 INFO  no build target found for C:\Users\USER\Downloads\quiz-app\src\main\java\com\example\quiz_app\dto\AuthRequest.java. Using fallback presentation compiler.
2026.10.03 16:33:21 INFO  no build target found for C:\Users\USER\Downloads\quiz-app\src\main\java\com\example\quiz_app\dto\AuthRequest.java. Using fallback presentation compiler.
2026.10.03 16:33:21 INFO  no build target found for C:\Users\USER\Downloads\quiz-app\src\main\java\com\example\quiz_app\dto\AuthRequest.java. Using fallback presentation compiler.
2026.10.03 16:33:21 WARN  Running javac-semanticdb failed for file:///C:/Users/USER/Downloads/quiz-app/src/main/java/com/example/quiz_app/dto/AuthRequest.java. Output:

2026.10.03 16:33:21 INFO  no build target found for C:\Users\USER\Downloads\quiz-app\src\main\java\com\example\quiz_app\dto\AuthRequest.java. Using fallback presentation compiler.
2026.10.03 16:33:35 INFO  no build target found for C:\Users\USER\Downloads\quiz-app\src\main\java\com\example\quiz_app\dto\AuthResponse.java. Using fallback presentation compiler.
2026.10.03 16:33:35 WARN  no build target for: C:\Users\USER\Downloads\quiz-app\src\main\java\com\example\quiz_app\dto\AuthResponse.java
2026.10.03 16:33:35 INFO  no build target found for C:\Users\USER\Downloads\quiz-app\src\main\java\com\example\quiz_app\dto\AuthResponse.java. Using fallback presentation compiler.
2026.10.03 16:33:35 INFO  no build target found for C:\Users\USER\Downloads\quiz-app\src\main\java\com\example\quiz_app\dto\AuthResponse.java. Using fallback presentation compiler.
2026.10.03 16:33:35 INFO  no build target found for C:\Users\USER\Downloads\quiz-app\src\main\java\com\example\quiz_app\dto\AuthResponse.java. Using fallback presentation compiler.
2026.10.03 16:33:35 INFO  no build target found for C:\Users\USER\Downloads\quiz-app\src\main\java\com\example\quiz_app\dto\AuthResponse.java. Using fallback presentation compiler.
2026.10.03 16:33:36 INFO  no build target found for C:\Users\USER\Downloads\quiz-app\src\main\java\com\example\quiz_app\dto\AuthResponse.java. Using fallback presentation compiler.
2026.10.03 16:33:36 INFO  no build target found for C:\Users\USER\Downloads\quiz-app\src\main\java\com\example\quiz_app\dto\AuthResponse.java. Using fallback presentation compiler.
2026.10.03 16:33:37 WARN  Running javac-semanticdb failed for file:///C:/Users/USER/Downloads/quiz-app/src/main/java/com/example/quiz_app/dto/AuthResponse.java. Output:

2026.10.03 16:33:37 INFO  no build target found for C:\Users\USER\Downloads\quiz-app\src\main\java\com\example\quiz_app\dto\AuthResponse.java. Using fallback presentation compiler.
2026.10.03 16:33:39 INFO  no build target found for C:\Users\USER\Downloads\quiz-app\src\main\java\com\example\quiz_app\dto\AuthResponse.java. Using fallback presentation compiler.
2026.10.03 16:33:39 INFO  no build target found for C:\Users\USER\Downloads\quiz-app\src\main\java\com\example\quiz_app\dto\AuthResponse.java. Using fallback presentation compiler.
2026.10.03 16:33:39 INFO  no build target found for C:\Users\USER\Downloads\quiz-app\src\main\java\com\example\quiz_app\dto\AuthResponse.java. Using fallback presentation compiler.
2026.10.03 16:33:39 WARN  Running javac-semanticdb failed for file:///C:/Users/USER/Downloads/quiz-app/src/main/java/com/example/quiz_app/dto/AuthResponse.java. Output:

2026.10.03 16:33:49 INFO  no build target found for C:\Users\USER\Downloads\quiz-app\src\main\java\com\example\quiz_app\respository\UserRespository.java. Using fallback presentation compiler.
2026.10.03 16:33:49 WARN  no build target for: C:\Users\USER\Downloads\quiz-app\src\main\java\com\example\quiz_app\respository\UserRespository.java
2026.10.03 16:33:49 INFO  no build target found for C:\Users\USER\Downloads\quiz-app\src\main\java\com\example\quiz_app\respository\UserRespository.java. Using fallback presentation compiler.
2026.10.03 16:33:49 INFO  no build target found for C:\Users\USER\Downloads\quiz-app\src\main\java\com\example\quiz_app\respository\UserRespository.java. Using fallback presentation compiler.
2026.10.03 16:33:49 INFO  no build target found for C:\Users\USER\Downloads\quiz-app\src\main\java\com\example\quiz_app\respository\UserRespository.java. Using fallback presentation compiler.
2026.10.03 16:33:50 INFO  no build target found for C:\Users\USER\Downloads\quiz-app\src\main\java\com\example\quiz_app\respository\UserRespository.java. Using fallback presentation compiler.
2026.10.03 16:33:50 INFO  no build target found for C:\Users\USER\Downloads\quiz-app\src\main\java\com\example\quiz_app\respository\UserRespository.java. Using fallback presentation compiler.
2026.10.03 16:33:51 INFO  no build target found for C:\Users\USER\Downloads\quiz-app\src\main\java\com\example\quiz_app\respository\UserRespository.java. Using fallback presentation compiler.
2026.10.03 16:33:52 WARN  Running javac-semanticdb failed for file:///C:/Users/USER/Downloads/quiz-app/src/main/java/com/example/quiz_app/respository/UserRespository.java. Output:

2026.10.03 16:33:52 INFO  no build target found for C:\Users\USER\Downloads\quiz-app\src\main\java\com\example\quiz_app\respository\UserRespository.java. Using fallback presentation compiler.
2026.10.03 16:33:53 INFO  no build target found for C:\Users\USER\Downloads\quiz-app\src\main\java\com\example\quiz_app\respository\UserRespository.java. Using fallback presentation compiler.
2026.10.03 16:33:53 INFO  no build target found for C:\Users\USER\Downloads\quiz-app\src\main\java\com\example\quiz_app\respository\UserRespository.java. Using fallback presentation compiler.
2026.10.03 16:33:53 WARN  Running javac-semanticdb failed for file:///C:/Users/USER/Downloads/quiz-app/src/main/java/com/example/quiz_app/respository/UserRespository.java. Output:

2026.10.03 16:33:53 INFO  no build target found for C:\Users\USER\Downloads\quiz-app\src\main\java\com\example\quiz_app\respository\UserRespository.java. Using fallback presentation compiler.
2026.10.03 16:33:53 INFO  no build target found for C:\Users\USER\Downloads\quiz-app\src\main\java\com\example\quiz_app\respository\UserRespository.java. Using fallback presentation compiler.
2026.10.03 16:33:57 INFO  no build target found for C:\Users\USER\Downloads\quiz-app\src\main\java\com\example\quiz_app\respository\UserRespository.java. Using fallback presentation compiler.
2026.10.03 16:33:57 INFO  no build target found for C:\Users\USER\Downloads\quiz-app\src\main\java\com\example\quiz_app\respository\UserRespository.java. Using fallback presentation compiler.
2026.10.03 16:33:57 INFO  no build target found for C:\Users\USER\Downloads\quiz-app\src\main\java\com\example\quiz_app\respository\UserRespository.java. Using fallback presentation compiler.
2026.10.03 16:33:59 INFO  no build target found for C:\Users\USER\Downloads\quiz-app\src\main\java\com\example\quiz_app\respository\UserRespository.java. Using fallback presentation compiler.
2026.10.03 16:33:59 WARN  Running javac-semanticdb failed for file:///C:/Users/USER/Downloads/quiz-app/src/main/java/com/example/quiz_app/respository/UserRespository.java. Output:

2026.10.03 16:34:00 INFO  no build target found for C:\Users\USER\Downloads\quiz-app\src\main\java\com\example\quiz_app\respository\UserRespository.java. Using fallback presentation compiler.
2026.10.03 16:34:22 INFO  no build target found for C:\Users\USER\Downloads\quiz-app\src\main\java\com\example\quiz_app\respository\UserRespository.java. Using fallback presentation compiler.
2026.10.03 16:34:22 INFO  no build target found for C:\Users\USER\Downloads\quiz-app\src\main\java\com\example\quiz_app\respository\UserRespository.java. Using fallback presentation compiler.
2026.10.03 16:34:22 WARN  Running javac-semanticdb failed for file:///C:/Users/USER/Downloads/quiz-app/src/main/java/com/example/quiz_app/respository/UserRespository.java. Output:

2026.10.03 16:34:22 INFO  no build target found for C:\Users\USER\Downloads\quiz-app\src\main\java\com\example\quiz_app\respository\UserRespository.java. Using fallback presentation compiler.
2026.10.03 16:34:22 INFO  no build target found for C:\Users\USER\Downloads\quiz-app\src\main\java\com\example\quiz_app\respository\UserRespository.java. Using fallback presentation compiler.
2026.10.03 16:34:22 INFO  no build target found for C:\Users\USER\Downloads\quiz-app\src\main\java\com\example\quiz_app\respository\UserRespository.java. Using fallback presentation compiler.
2026.10.03 16:34:28 INFO  no build target found for C:\Users\USER\Downloads\quiz-app\src\main\java\com\example\quiz_app\respository\UserRespository.java. Using fallback presentation compiler.
2026.10.03 16:34:29 INFO  no build target found for C:\Users\USER\Downloads\quiz-app\src\main\java\com\example\quiz_app\respository\UserRespository.java. Using fallback presentation compiler.
2026.10.03 16:34:32 INFO  no build target found for C:\Users\USER\Downloads\quiz-app\src\main\java\com\example\quiz_app\respository\UserRespository.java. Using fallback presentation compiler.
2026.10.03 16:34:32 INFO  no build target found for C:\Users\USER\Downloads\quiz-app\src\main\java\com\example\quiz_app\respository\UserRespository.java. Using fallback presentation compiler.
2026.10.03 16:34:32 INFO  no build target found for C:\Users\USER\Downloads\quiz-app\src\main\java\com\example\quiz_app\respository\UserRespository.java. Using fallback presentation compiler.
2026.10.03 16:34:32 INFO  no build target found for C:\Users\USER\Downloads\quiz-app\src\main\java\com\example\quiz_app\respository\UserRespository.java. Using fallback presentation compiler.
2026.10.03 16:34:34 INFO  no build target found for C:\Users\USER\Downloads\quiz-app\src\main\java\com\example\quiz_app\respository\UserRespository.java. Using fallback presentation compiler.
2026.10.03 16:34:34 INFO  no build target found for C:\Users\USER\Downloads\quiz-app\src\main\java\com\example\quiz_app\respository\UserRespository.java. Using fallback presentation compiler.
2026.10.03 16:34:36 INFO  no build target found for C:\Users\USER\Downloads\quiz-app\src\main\java\com\example\quiz_app\respository\UserRespository.java. Using fallback presentation compiler.
2026.10.03 16:34:36 INFO  no build target found for C:\Users\USER\Downloads\quiz-app\src\main\java\com\example\quiz_app\respository\UserRespository.java. Using fallback presentation compiler.
2026.10.03 16:34:39 INFO  no build target found for C:\Users\USER\Downloads\quiz-app\src\main\java\com\example\quiz_app\respository\UserRespository.java. Using fallback presentation compiler.
2026.10.03 16:34:39 INFO  no build target found for C:\Users\USER\Downloads\quiz-app\src\main\java\com\example\quiz_app\respository\UserRespository.java. Using fallback presentation compiler.
2026.10.03 16:34:39 INFO  no build target found for C:\Users\USER\Downloads\quiz-app\src\main\java\com\example\quiz_app\respository\UserRespository.java. Using fallback presentation compiler.
2026.10.03 16:34:40 INFO  no build target found for C:\Users\USER\Downloads\quiz-app\src\main\java\com\example\quiz_app\respository\UserRespository.java. Using fallback presentation compiler.
2026.10.03 16:34:40 INFO  no build target found for C:\Users\USER\Downloads\quiz-app\src\main\java\com\example\quiz_app\respository\UserRespository.java. Using fallback presentation compiler.
2026.10.03 16:34:55 INFO  no build target found for C:\Users\USER\Downloads\quiz-app\src\main\java\com\example\quiz_app\service\UserService.java. Using fallback presentation compiler.
2026.10.03 16:34:55 WARN  no build target for: C:\Users\USER\Downloads\quiz-app\src\main\java\com\example\quiz_app\service\UserService.java
2026.10.03 16:34:55 INFO  no build target found for C:\Users\USER\Downloads\quiz-app\src\main\java\com\example\quiz_app\service\UserService.java. Using fallback presentation compiler.
2026.10.03 16:34:55 INFO  no build target found for C:\Users\USER\Downloads\quiz-app\src\main\java\com\example\quiz_app\service\UserService.java. Using fallback presentation compiler.
2026.10.03 16:34:55 INFO  no build target found for C:\Users\USER\Downloads\quiz-app\src\main\java\com\example\quiz_app\service\UserService.java. Using fallback presentation compiler.
2026.10.03 16:34:56 INFO  no build target found for C:\Users\USER\Downloads\quiz-app\src\main\java\com\example\quiz_app\service\UserService.java. Using fallback presentation compiler.
2026.10.03 16:34:56 INFO  no build target found for C:\Users\USER\Downloads\quiz-app\src\main\java\com\example\quiz_app\service\UserService.java. Using fallback presentation compiler.
2026.10.03 16:34:58 INFO  no build target found for C:\Users\USER\Downloads\quiz-app\src\main\java\com\example\quiz_app\service\UserService.java. Using fallback presentation compiler.
2026.10.03 16:34:58 WARN  Running javac-semanticdb failed for file:///C:/Users/USER/Downloads/quiz-app/src/main/java/com/example/quiz_app/service/UserService.java. Output:

2026.10.03 16:34:58 INFO  no build target found for C:\Users\USER\Downloads\quiz-app\src\main\java\com\example\quiz_app\service\UserService.java. Using fallback presentation compiler.
2026.10.03 16:34:59 INFO  no build target found for C:\Users\USER\Downloads\quiz-app\src\main\java\com\example\quiz_app\service\UserService.java. Using fallback presentation compiler.
2026.10.03 16:34:59 INFO  no build target found for C:\Users\USER\Downloads\quiz-app\src\main\java\com\example\quiz_app\service\UserService.java. Using fallback presentation compiler.
2026.10.03 16:35:00 INFO  no build target found for C:\Users\USER\Downloads\quiz-app\src\main\java\com\example\quiz_app\service\UserService.java. Using fallback presentation compiler.
2026.10.03 16:35:00 WARN  Running javac-semanticdb failed for file:///C:/Users/USER/Downloads/quiz-app/src/main/java/com/example/quiz_app/service/UserService.java. Output:

2026.10.03 16:34:59 INFO  no build target found for C:\Users\USER\Downloads\quiz-app\src\main\java\com\example\quiz_app\service\UserService.java. Using fallback presentation compiler.
2026.10.03 16:35:01 INFO  no build target found for C:\Users\USER\Downloads\quiz-app\src\main\java\com\example\quiz_app\service\UserService.java. Using fallback presentation compiler.
2026.10.03 16:35:29 INFO  no build target found for C:\Users\USER\Downloads\quiz-app\src\main\java\com\example\quiz_app\QuizAppApplication.java. Using fallback presentation compiler.
2026.10.03 16:35:29 WARN  no build target for: C:\Users\USER\Downloads\quiz-app\src\main\java\com\example\quiz_app\QuizAppApplication.java
2026.10.03 16:35:29 INFO  no build target found for C:\Users\USER\Downloads\quiz-app\src\main\java\com\example\quiz_app\QuizAppApplication.java. Using fallback presentation compiler.
2026.10.03 16:35:29 INFO  no build target found for C:\Users\USER\Downloads\quiz-app\src\main\java\com\example\quiz_app\QuizAppApplication.java. Using fallback presentation compiler.
2026.10.03 16:35:33 INFO  no build target found for C:\Users\USER\Downloads\quiz-app\src\main\java\com\example\quiz_app\service\UserService.java. Using fallback presentation compiler.
2026.10.03 16:35:33 WARN  no build target for: C:\Users\USER\Downloads\quiz-app\src\main\java\com\example\quiz_app\service\UserService.java
2026.10.03 16:35:33 INFO  no build target found for C:\Users\USER\Downloads\quiz-app\src\main\java\com\example\quiz_app\service\UserService.java. Using fallback presentation compiler.
2026.10.03 16:35:33 INFO  no build target found for C:\Users\USER\Downloads\quiz-app\src\main\java\com\example\quiz_app\service\UserService.java. Using fallback presentation compiler.
2026.10.03 16:35:33 INFO  no build target found for C:\Users\USER\Downloads\quiz-app\src\main\java\com\example\quiz_app\service\UserService.java. Using fallback presentation compiler.
2026.10.03 16:35:33 INFO  no build target found for C:\Users\USER\Downloads\quiz-app\src\main\java\com\example\quiz_app\service\UserService.java. Using fallback presentation compiler.
2026.10.03 16:35:47 INFO  no build target found for C:\Users\USER\Downloads\quiz-app\src\main\java\com\example\quiz_app\service\userService.java. Using fallback presentation compiler.
2026.10.03 16:36:06 INFO  no build target found for C:\Users\USER\Downloads\quiz-app\src\main\java\com\example\quiz_app\controller\AuthController.java. Using fallback presentation compiler.
2026.10.03 16:36:06 WARN  no build target for: C:\Users\USER\Downloads\quiz-app\src\main\java\com\example\quiz_app\controller\AuthController.java
2026.10.03 16:36:06 INFO  no build target found for C:\Users\USER\Downloads\quiz-app\src\main\java\com\example\quiz_app\controller\AuthController.java. Using fallback presentation compiler.
2026.10.03 16:36:06 INFO  no build target found for C:\Users\USER\Downloads\quiz-app\src\main\java\com\example\quiz_app\controller\AuthController.java. Using fallback presentation compiler.
2026.10.03 16:36:06 INFO  no build target found for C:\Users\USER\Downloads\quiz-app\src\main\java\com\example\quiz_app\controller\AuthController.java. Using fallback presentation compiler.
2026.10.03 16:36:06 INFO  no build target found for C:\Users\USER\Downloads\quiz-app\src\main\java\com\example\quiz_app\controller\AuthController.java. Using fallback presentation compiler.
2026.10.03 16:36:06 INFO  no build target found for C:\Users\USER\Downloads\quiz-app\src\main\java\com\example\quiz_app\controller\AuthController.java. Using fallback presentation compiler.
2026.10.03 16:36:07 INFO  no build target found for C:\Users\USER\Downloads\quiz-app\src\main\java\com\example\quiz_app\controller\AuthController.java. Using fallback presentation compiler.
2026.10.03 16:36:08 INFO  no build target found for C:\Users\USER\Downloads\quiz-app\src\main\java\com\example\quiz_app\controller\AuthController.java. Using fallback presentation compiler.
2026.10.03 16:36:09 WARN  Running javac-semanticdb failed for file:///C:/Users/USER/Downloads/quiz-app/src/main/java/com/example/quiz_app/controller/AuthController.java. Output:

2026.10.03 16:36:09 INFO  no build target found for C:\Users\USER\Downloads\quiz-app\src\main\java\com\example\quiz_app\controller\AuthController.java. Using fallback presentation compiler.
2026.10.03 16:36:10 INFO  no build target found for C:\Users\USER\Downloads\quiz-app\src\main\java\com\example\quiz_app\controller\AuthController.java. Using fallback presentation compiler.
2026.10.03 16:36:10 INFO  no build target found for C:\Users\USER\Downloads\quiz-app\src\main\java\com\example\quiz_app\controller\AuthController.java. Using fallback presentation compiler.
2026.10.03 16:36:10 WARN  Running javac-semanticdb failed for file:///C:/Users/USER/Downloads/quiz-app/src/main/java/com/example/quiz_app/controller/AuthController.java. Output:

2026.10.03 16:36:10 INFO  no build target found for C:\Users\USER\Downloads\quiz-app\src\main\java\com\example\quiz_app\controller\AuthController.java. Using fallback presentation compiler.
2026.10.03 16:36:39 INFO  no build target found for C:\Users\USER\Downloads\quiz-app\src\main\java\com\example\quiz_app\config\Security.java. Using fallback presentation compiler.
2026.10.03 16:36:39 WARN  no build target for: C:\Users\USER\Downloads\quiz-app\src\main\java\com\example\quiz_app\config\Security.java
2026.10.03 16:36:40 INFO  no build target found for C:\Users\USER\Downloads\quiz-app\src\main\java\com\example\quiz_app\config\Security.java. Using fallback presentation compiler.
2026.10.03 16:36:39 INFO  no build target found for C:\Users\USER\Downloads\quiz-app\src\main\java\com\example\quiz_app\config\Security.java. Using fallback presentation compiler.
2026.10.03 16:36:39 INFO  no build target found for C:\Users\USER\Downloads\quiz-app\src\main\java\com\example\quiz_app\config\Security.java. Using fallback presentation compiler.
2026.10.03 16:36:41 INFO  no build target found for C:\Users\USER\Downloads\quiz-app\src\main\java\com\example\quiz_app\config\Security.java. Using fallback presentation compiler.
2026.10.03 16:36:41 INFO  no build target found for C:\Users\USER\Downloads\quiz-app\src\main\java\com\example\quiz_app\config\Security.java. Using fallback presentation compiler.
2026.10.03 16:36:43 INFO  no build target found for C:\Users\USER\Downloads\quiz-app\src\main\java\com\example\quiz_app\config\Security.java. Using fallback presentation compiler.
2026.10.03 16:36:43 WARN  Running javac-semanticdb failed for file:///C:/Users/USER/Downloads/quiz-app/src/main/java/com/example/quiz_app/config/Security.java. Output:

2026.10.03 16:36:43 INFO  no build target found for C:\Users\USER\Downloads\quiz-app\src\main\java\com\example\quiz_app\config\Security.java. Using fallback presentation compiler.
2026.10.03 16:36:44 INFO  no build target found for C:\Users\USER\Downloads\quiz-app\src\main\java\com\example\quiz_app\config\Security.java. Using fallback presentation compiler.
2026.10.03 16:36:44 INFO  no build target found for C:\Users\USER\Downloads\quiz-app\src\main\java\com\example\quiz_app\config\Security.java. Using fallback presentation compiler.
2026.10.03 16:36:44 INFO  no build target found for C:\Users\USER\Downloads\quiz-app\src\main\java\com\example\quiz_app\config\Security.java. Using fallback presentation compiler.
2026.10.03 16:36:44 WARN  Running javac-semanticdb failed for file:///C:/Users/USER/Downloads/quiz-app/src/main/java/com/example/quiz_app/config/Security.java. Output:

2026.10.03 16:45:36 WARN  no build target for: C:\Users\USER\Downloads\quiz-app\src\main\java\com\example\quiz_app\controller\Homecontroller.java
2026.10.03 16:45:36 WARN  Running javac-semanticdb failed for file:///C:/Users/USER/Downloads/quiz-app/src/main/java/com/example/quiz_app/controller/Homecontroller.java. Output:

2026.10.03 16:45:36 INFO  no build target found for C:\Users\USER\Downloads\quiz-app\src\main\java\com\example\quiz_app\controller\Homecontroller.java. Using fallback presentation compiler.
2026.10.03 16:45:37 INFO  no build target found for C:\Users\USER\Downloads\quiz-app\src\main\java\com\example\quiz_app\controller\Homecontroller.java. Using fallback presentation compiler.
2026.10.03 16:45:37 INFO  no build target found for C:\Users\USER\Downloads\quiz-app\src\main\java\com\example\quiz_app\controller\Homecontroller.java. Using fallback presentation compiler.
2026.10.03 16:45:37 INFO  no build target found for C:\Users\USER\Downloads\quiz-app\src\main\java\com\example\quiz_app\controller\Homecontroller.java. Using fallback presentation compiler.
2026.10.03 16:45:37 INFO  no build target found for C:\Users\USER\Downloads\quiz-app\src\main\java\com\example\quiz_app\controller\Homecontroller.java. Using fallback presentation compiler.
2026.10.03 16:45:37 WARN  Running javac-semanticdb failed for file:///C:/Users/USER/Downloads/quiz-app/src/main/java/com/example/quiz_app/controller/Homecontroller.java. Output:

2026.10.03 16:45:38 INFO  no build target found for C:\Users\USER\Downloads\quiz-app\src\main\java\com\example\quiz_app\controller\Homecontroller.java. Using fallback presentation compiler.
2026.10.03 16:45:38 INFO  no build target found for C:\Users\USER\Downloads\quiz-app\src\main\java\com\example\quiz_app\controller\Homecontroller.java. Using fallback presentation compiler.
2026.10.03 16:45:38 INFO  no build target found for C:\Users\USER\Downloads\quiz-app\src\main\java\com\example\quiz_app\controller\Homecontroller.java. Using fallback presentation compiler.
2026.10.03 16:45:40 INFO  no build target found for C:\Users\USER\Downloads\quiz-app\src\main\java\com\example\quiz_app\controller\Homecontroller.java. Using fallback presentation compiler.
2026.10.03 16:45:40 WARN  Running javac-semanticdb failed for file:///C:/Users/USER/Downloads/quiz-app/src/main/java/com/example/quiz_app/controller/Homecontroller.java. Output:

2026.10.03 16:45:40 INFO  no build target found for C:\Users\USER\Downloads\quiz-app\src\main\java\com\example\quiz_app\controller\Homecontroller.java. Using fallback presentation compiler.
2026.10.03 16:45:53 INFO  no build target found for C:\Users\USER\Downloads\quiz-app\src\main\java\com\example\quiz_app\controller\Homecontroller.java. Using fallback presentation compiler.
2026.10.03 16:45:53 INFO  no build target found for C:\Users\USER\Downloads\quiz-app\src\main\java\com\example\quiz_app\controller\Homecontroller.java. Using fallback presentation compiler.
2026.10.03 16:45:53 WARN  Running javac-semanticdb failed for file:///C:/Users/USER/Downloads/quiz-app/src/main/java/com/example/quiz_app/controller/Homecontroller.java. Output:

2026.10.03 16:45:53 INFO  no build target found for C:\Users\USER\Downloads\quiz-app\src\main\java\com\example\quiz_app\controller\Homecontroller.java. Using fallback presentation compiler.
2026.10.03 16:45:53 INFO  no build target found for C:\Users\USER\Downloads\quiz-app\src\main\java\com\example\quiz_app\controller\Homecontroller.java. Using fallback presentation compiler.
2026.10.03 16:46:18 INFO  no build target found for C:\Users\USER\Downloads\quiz-app\src\main\java\com\example\quiz_app\controller\HomeController.java. Using fallback presentation compiler.
2026.10.03 16:46:23 WARN  no build target for: C:\Users\USER\Downloads\quiz-app\src\main\java\com\example\quiz_app\controller\HomeController.java
2026.10.03 16:46:23 INFO  no build target found for C:\Users\USER\Downloads\quiz-app\src\main\java\com\example\quiz_app\controller\HomeController.java. Using fallback presentation compiler.
2026.10.03 17:02:22 WARN  no build target for: C:\Users\USER\Downloads\quiz-app\src\main\java\com\example\quiz_app\config\Security.java
2026.10.03 17:02:22 WARN  no build target for: C:\Users\USER\Downloads\quiz-app\src\main\java\com\example\quiz_app\dto\AuthRequest.java
2026.10.03 17:02:22 WARN  no build target for: C:\Users\USER\Downloads\quiz-app\src\main\java\com\example\quiz_app\dto\AuthResponse.java
2026.10.03 17:02:22 WARN  no build target for: C:\Users\USER\Downloads\quiz-app\src\main\java\com\example\quiz_app\service\userService.java
2026.10.03 17:02:23 WARN  no build target for: C:\Users\USER\Downloads\quiz-app\src\main\java\com\example\quiz_app\controller\AuthController.java
2026.10.03 17:02:23 WARN  no build target for: C:\Users\USER\Downloads\quiz-app\src\main\java\com\example\quiz_app\entity\user.java
2026.10.03 17:02:23 WARN  no build target for: C:\Users\USER\Downloads\quiz-app\src\main\java\com\example\quiz_app\respository\userRespository.java
2026.10.03 17:02:23 INFO  no build target found for C:\Users\USER\Downloads\quiz-app\src\main\java\com\example\quiz_app\controller\HomeController.java. Using fallback presentation compiler.
2026.10.03 17:02:23 INFO  no build target found for C:\Users\USER\Downloads\quiz-app\src\main\java\com\example\quiz_app\controller\HomeController.java. Using fallback presentation compiler.
2026.10.03 17:03:30 INFO  no build target found for C:\Users\USER\Downloads\quiz-app\src\main\java\com\example\quiz_app\entity\user.java. Using fallback presentation compiler.
2026.10.03 17:03:30 WARN  no build target for: C:\Users\USER\Downloads\quiz-app\src\main\java\com\example\quiz_app\entity\user.java
Oct 03, 2026 5:03:30 PM org.eclipse.lsp4j.jsonrpc.RemoteEndpoint handleCancellation
WARNING: Unmatched cancel notification for request id 784
2026.10.03 17:03:30 INFO  no build target found for C:\Users\USER\Downloads\quiz-app\src\main\java\com\example\quiz_app\entity\user.java. Using fallback presentation compiler.
2026.10.03 17:03:30 INFO  no build target found for C:\Users\USER\Downloads\quiz-app\src\main\java\com\example\quiz_app\entity\user.java. Using fallback presentation compiler.
2026.10.03 17:03:30 INFO  no build target found for C:\Users\USER\Downloads\quiz-app\src\main\java\com\example\quiz_app\entity\user.java. Using fallback presentation compiler.
2026.10.03 17:03:42 INFO  no build target found for C:\Users\USER\Downloads\quiz-app\src\main\java\com\example\quiz_app\entity\User.java. Using fallback presentation compiler.
2026.10.03 17:03:42 INFO  no build target found for C:\Users\USER\Downloads\quiz-app\src\main\java\com\example\quiz_app\entity\User.java. Using fallback presentation compiler.
2026.10.03 17:03:48 INFO  no build target found for C:\Users\USER\Downloads\quiz-app\src\main\java\com\example\quiz_app\respository\userRespository.java. Using fallback presentation compiler.
2026.10.03 17:03:48 WARN  no build target for: C:\Users\USER\Downloads\quiz-app\src\main\java\com\example\quiz_app\respository\userRespository.java
2026.10.03 17:03:48 INFO  no build target found for C:\Users\USER\Downloads\quiz-app\src\main\java\com\example\quiz_app\respository\userRespository.java. Using fallback presentation compiler.
2026.10.03 17:03:48 INFO  no build target found for C:\Users\USER\Downloads\quiz-app\src\main\java\com\example\quiz_app\respository\userRespository.java. Using fallback presentation compiler.
2026.10.03 17:03:48 INFO  no build target found for C:\Users\USER\Downloads\quiz-app\src\main\java\com\example\quiz_app\respository\userRespository.java. Using fallback presentation compiler.
2026.10.03 17:04:02 INFO  no build target found for C:\Users\USER\Downloads\quiz-app\src\main\java\com\example\quiz_app\respository\UserRespository.java. Using fallback presentation compiler.
2026.10.03 17:04:07 INFO  no build target found for C:\Users\USER\Downloads\quiz-app\src\main\java\com\example\quiz_app\respository\UserRespository.java. Using fallback presentation compiler.
2026.10.03 17:04:07 INFO  no build target found for C:\Users\USER\Downloads\quiz-app\src\main\java\com\example\quiz_app\respository\UserRespository.java. Using fallback presentation compiler.
2026.10.03 17:04:07 INFO  no build target found for C:\Users\USER\Downloads\quiz-app\src\main\java\com\example\quiz_app\respository\UserRespository.java. Using fallback presentation compiler.
2026.10.03 17:04:09 INFO  no build target found for C:\Users\USER\Downloads\quiz-app\src\main\java\com\example\quiz_app\respository\UserRespository.java. Using fallback presentation compiler.
2026.10.03 17:04:09 INFO  no build target found for C:\Users\USER\Downloads\quiz-app\src\main\java\com\example\quiz_app\respository\UserRespository.java. Using fallback presentation compiler.
2026.10.03 17:04:09 INFO  no build target found for C:\Users\USER\Downloads\quiz-app\src\main\java\com\example\quiz_app\respository\UserRespository.java. Using fallback presentation compiler.
2026.10.03 17:04:10 INFO  no build target found for C:\Users\USER\Downloads\quiz-app\src\main\java\com\example\quiz_app\respository\UserRespository.java. Using fallback presentation compiler.
2026.10.03 17:04:10 INFO  no build target found for C:\Users\USER\Downloads\quiz-app\src\main\java\com\example\quiz_app\respository\UserRespository.java. Using fallback presentation compiler.
2026.10.03 17:04:10 INFO  no build target found for C:\Users\USER\Downloads\quiz-app\src\main\java\com\example\quiz_app\respository\UserRespository.java. Using fallback presentation compiler.
2026.10.03 17:04:12 INFO  no build target found for C:\Users\USER\Downloads\quiz-app\src\main\java\com\example\quiz_app\respository\UserRespository.java. Using fallback presentation compiler.
2026.10.03 17:04:12 INFO  no build target found for C:\Users\USER\Downloads\quiz-app\src\main\java\com\example\quiz_app\respository\UserRespository.java. Using fallback presentation compiler.
2026.10.03 17:04:12 INFO  Created report: Optional[file:///C:/Users/USER/Downloads/quiz-app/src/main/java/com/example/quiz_app/respository/UserRespository.java]
2026.10.03 17:04:12 INFO  empty definition using pc, found symbol in pc:  (full report at: "C:\Users\USER\Downloads\quiz-app\.metals\.reports\metals-full\2026-10-03\r_empty-definition_17-04-12-308.md")
2026.10.03 17:04:12 INFO  no build target found for C:\Users\USER\Downloads\quiz-app\src\main\java\com\example\quiz_app\respository\UserRespository.java. Using fallback presentation compiler.
2026.10.03 17:04:25 INFO  no build target found for c:\Users\USER\Downloads\quiz-app\src\main\java\com\example\quiz_app\respository\UserRespository.java. Using fallback presentation compiler.
2026.10.03 17:04:25 WARN  no build target for: C:\Users\USER\Downloads\quiz-app\src\main\java\com\example\quiz_app\respository\UserRepository.java
2026.10.03 17:04:25 INFO  no build target found for C:\Users\USER\Downloads\quiz-app\src\main\java\com\example\quiz_app\respository\UserRepository.java. Using fallback presentation compiler.
2026.10.03 17:04:25 INFO  no build target found for C:\Users\USER\Downloads\quiz-app\src\main\java\com\example\quiz_app\respository\UserRepository.java. Using fallback presentation compiler.
2026.10.03 17:04:25 INFO  no build target found for C:\Users\USER\Downloads\quiz-app\src\main\java\com\example\quiz_app\respository\UserRepository.java. Using fallback presentation compiler.
2026.10.03 17:04:25 INFO  no build target found for C:\Users\USER\Downloads\quiz-app\src\main\java\com\example\quiz_app\respository\UserRepository.java. Using fallback presentation compiler.
2026.10.03 17:04:25 INFO  no build target found for C:\Users\USER\Downloads\quiz-app\src\main\java\com\example\quiz_app\respository\UserRepository.java. Using fallback presentation compiler.
2026.10.03 17:04:25 INFO  no build target found for C:\Users\USER\Downloads\quiz-app\src\main\java\com\example\quiz_app\respository\UserRepository.java. Using fallback presentation compiler.
2026.10.03 17:04:27 INFO  no build target found for C:\Users\USER\Downloads\quiz-app\src\main\java\com\example\quiz_app\respository\UserRepository.java. Using fallback presentation compiler.
2026.10.03 17:04:29 INFO  no build target found for C:\Users\USER\Downloads\quiz-app\src\main\java\com\example\quiz_app\respository\UserRepository.java. Using fallback presentation compiler.
2026.10.03 17:04:31 INFO  no build target found for C:\Users\USER\Downloads\quiz-app\src\main\java\com\example\quiz_app\respository\UserRepository.java. Using fallback presentation compiler.
2026.10.03 17:04:31 INFO  no build target found for C:\Users\USER\Downloads\quiz-app\src\main\java\com\example\quiz_app\respository\UserRepository.java. Using fallback presentation compiler.
2026.10.03 17:04:31 INFO  no build target found for C:\Users\USER\Downloads\quiz-app\src\main\java\com\example\quiz_app\respository\UserRepository.java. Using fallback presentation compiler.
2026.10.03 17:04:33 INFO  no build target found for C:\Users\USER\Downloads\quiz-app\src\main\java\com\example\quiz_app\respository\UserRepository.java. Using fallback presentation compiler.
Oct 03, 2026 5:04:33 PM org.eclipse.lsp4j.jsonrpc.RemoteEndpoint handleCancellation
WARNING: Unmatched cancel notification for request id 842
2026.10.03 17:05:01 INFO  no build target found for c:\Users\USER\Downloads\quiz-app\src\main\java\com\example\quiz_app\respository\UserRepository.java. Using fallback presentation compiler.
2026.10.03 17:05:01 WARN  no build target for: C:\Users\USER\Downloads\quiz-app\src\main\java\com\example\quiz_app\repository\UserRepository.java
2026.10.03 17:05:01 INFO  no build target found for C:\Users\USER\Downloads\quiz-app\src\main\java\com\example\quiz_app\repository\UserRepository.java. Using fallback presentation compiler.
2026.10.03 17:05:01 INFO  no build target found for C:\Users\USER\Downloads\quiz-app\src\main\java\com\example\quiz_app\repository\UserRepository.java. Using fallback presentation compiler.
2026.10.03 17:05:01 INFO  no build target found for C:\Users\USER\Downloads\quiz-app\src\main\java\com\example\quiz_app\repository\UserRepository.java. Using fallback presentation compiler.
2026.10.03 17:05:01 INFO  no build target found for C:\Users\USER\Downloads\quiz-app\src\main\java\com\example\quiz_app\repository\UserRepository.java. Using fallback presentation compiler.
2026.10.03 17:05:02 INFO  no build target found for C:\Users\USER\Downloads\quiz-app\src\main\java\com\example\quiz_app\repository\UserRepository.java. Using fallback presentation compiler.
2026.10.03 17:05:05 INFO  no build target found for C:\Users\USER\Downloads\quiz-app\src\main\java\com\example\quiz_app\service\userService.java. Using fallback presentation compiler.
2026.10.03 17:05:05 WARN  no build target for: C:\Users\USER\Downloads\quiz-app\src\main\java\com\example\quiz_app\service\userService.java
2026.10.03 17:05:05 INFO  no build target found for C:\Users\USER\Downloads\quiz-app\src\main\java\com\example\quiz_app\service\userService.java. Using fallback presentation compiler.
2026.10.03 17:05:05 INFO  no build target found for C:\Users\USER\Downloads\quiz-app\src\main\java\com\example\quiz_app\service\userService.java. Using fallback presentation compiler.
2026.10.03 17:05:05 INFO  no build target found for C:\Users\USER\Downloads\quiz-app\src\main\java\com\example\quiz_app\service\userService.java. Using fallback presentation compiler.
2026.10.03 17:05:06 INFO  no build target found for C:\Users\USER\Downloads\quiz-app\src\main\java\com\example\quiz_app\service\userService.java. Using fallback presentation compiler.
2026.10.03 17:05:18 INFO  no build target found for C:\Users\USER\Downloads\quiz-app\src\main\java\com\example\quiz_app\service\userService.java. Using fallback presentation compiler.
2026.10.03 17:05:30 INFO  no build target found for C:\Users\USER\Downloads\quiz-app\src\main\java\com\example\quiz_app\service\userService.java. Using fallback presentation compiler.
2026.10.03 17:05:42 INFO  no build target found for C:\Users\USER\Downloads\quiz-app\src\main\java\com\example\quiz_app\service\UserService.java. Using fallback presentation compiler.
2026.10.03 17:06:38 INFO  Shutting down server
2026.10.03 17:06:38 INFO  Memory monitor stopped
2026.10.03 17:06:38 INFO  shutting down Metals
2026.10.03 17:06:38 INFO  Exiting server
2026.10.04 09:06:36 INFO  Started: Metals version 1.6.9+31-a1a789a6-SNAPSHOT in folders 'C:\Users\USER\Downloads\quiz-app' for client Visual Studio Code 1.140.0.
2026.10.04 09:06:36 INFO  Memory monitor started
2026.10.04 09:06:36 WARN  Using H2 2.5.252 which is newer than the version Flyway has been verified with. The latest verified version of H2 is 2.3.232.
2026.10.04 09:06:36 INFO  no build target found for C:\Users\USER\Downloads\quiz-app\src\main\java\com\example\quiz_app\service\UserService.java. Using fallback presentation compiler.
2026.10.04 09:06:38 INFO  no build target found for C:\Users\USER\Downloads\quiz-app\src\main\java\com\example\quiz_app\service\UserService.java. Using fallback presentation compiler.
2026.10.04 09:30:35 INFO  no build target found for C:\Users\USER\Downloads\quiz-app\src\main\java\com\example\quiz_app\service\UserService.java. Using fallback presentation compiler.
2026.10.04 10:40:27 INFO  Shutting down server
2026.10.04 10:40:27 INFO  Memory monitor stopped
2026.10.04 10:40:27 INFO  shutting down Metals
2026.10.04 10:40:27 INFO  Exiting server
2026.10.04 10:50:40 INFO  Started: Metals version 1.6.9+31-a1a789a6-SNAPSHOT in folders 'C:\Users\USER\Downloads\quiz-app' for client Visual Studio Code 1.140.0.
2026.10.04 10:50:40 INFO  Memory monitor started
2026.10.04 10:50:40 WARN  Using H2 2.5.252 which is newer than the version Flyway has been verified with. The latest verified version of H2 is 2.3.232.
2026.10.04 10:50:40 INFO  no build target found for C:\Users\USER\Downloads\quiz-app\src\main\java\com\example\quiz_app\controller\HomeController.java. Using fallback presentation compiler.
2026.10.04 10:50:42 INFO  no build target found for C:\Users\USER\Downloads\quiz-app\src\main\java\com\example\quiz_app\controller\HomeController.java. Using fallback presentation compiler.
2026.10.04 10:50:43 INFO  no build target found for C:\Users\USER\Downloads\quiz-app\src\main\java\com\example\quiz_app\controller\AuthController.java. Using fallback presentation compiler.
Oct 04, 2026 10:50:43 AM org.eclipse.lsp4j.jsonrpc.RemoteEndpoint handleCancellation
WARNING: Unmatched cancel notification for request id 7
2026.10.04 10:50:43 INFO  no build target found for C:\Users\USER\Downloads\quiz-app\src\main\java\com\example\quiz_app\controller\AuthController.java. Using fallback presentation compiler.
2026.10.04 10:50:43 INFO  no build target found for C:\Users\USER\Downloads\quiz-app\src\main\java\com\example\quiz_app\controller\AuthController.java. Using fallback presentation compiler.
2026.10.04 10:50:44 INFO  no build target found for C:\Users\USER\Downloads\quiz-app\src\main\java\com\example\quiz_app\controller\AuthController.java. Using fallback presentation compiler.
2026.10.04 10:50:45 INFO  no build target found for C:\Users\USER\Downloads\quiz-app\src\main\java\com\example\quiz_app\controller\AuthController.java. Using fallback presentation compiler.
2026.10.04 10:50:51 INFO  no build target found for C:\Users\USER\Downloads\quiz-app\src\main\java\com\example\quiz_app\controller\AuthController.java. Using fallback presentation compiler.
2026.10.04 10:50:57 INFO  no build target found for C:\Users\USER\Downloads\quiz-app\src\main\java\com\example\quiz_app\controller\AuthController.java. Using fallback presentation compiler.
2026.10.04 10:50:58 INFO  no build target found for C:\Users\USER\Downloads\quiz-app\src\main\java\com\example\quiz_app\controller\AuthController.java. Using fallback presentation compiler.
2026.10.04 10:50:58 INFO  no build target found for C:\Users\USER\Downloads\quiz-app\src\main\java\com\example\quiz_app\controller\AuthController.java. Using fallback presentation compiler.
2026.10.04 11:19:13 INFO  Shutting down server
2026.10.04 11:19:13 INFO  Memory monitor stopped
2026.10.04 11:19:13 INFO  shutting down Metals
2026.10.04 11:19:13 INFO  Exiting server
